v_0, v_1, v_2
0, 1, 2
0, 2, 3
2, 1, 4
5, 2, 6
2, 5, 3
2, 4, 7
7, 6, 2
7, 4, 8
7, 9, 10
7, 8, 9
6, 7, 10
6, 11, 12
5, 6, 12
11, 6, 10
5, 12, 13
12, 11, 14
12, 15, 16
15, 12, 14
13, 12, 17
17, 12, 16
11, 18, 19
20, 18, 11
11, 10, 20
11, 19, 14
10, 9, 20
9, 21, 20
22, 9, 23
21, 9, 22
23, 9, 8
8, 24, 23
24, 25, 23
25, 22, 23
26, 21, 22
26, 22, 25
26, 27, 21
21, 18, 20
21, 27, 18
18, 27, 28
19, 18, 28
19, 28, 29
15, 19, 29
19, 15, 14
29, 30, 15
15, 30, 16
30, 17, 16
30, 31, 17
32, 31, 30
33, 32, 30
33, 30, 29
29, 34, 33
29, 28, 35
35, 34, 29
28, 36, 35
36, 28, 37
28, 27, 37
38, 27, 26
27, 38, 39
40, 27, 39
27, 40, 37
41, 38, 26
41, 26, 25
25, 42, 41
43, 42, 25
25, 24, 43
44, 38, 41
44, 41, 45
42, 46, 41
45, 41, 46
44, 47, 38
38, 47, 39
47, 40, 39
48, 36, 40
40, 36, 37
47, 49, 40
40, 49, 48
36, 48, 50
36, 50, 35
50, 34, 35
34, 50, 51
51, 50, 52
50, 48, 53
52, 50, 53
48, 54, 55
49, 54, 48
48, 55, 53
56, 49, 47
57, 49, 56
49, 57, 58
54, 49, 58
56, 47, 44
45, 56, 44
59, 56, 45
46, 60, 45
59, 45, 61
45, 60, 61
57, 56, 59
62, 63, 57
57, 63, 58
62, 57, 64
64, 57, 59
58, 63, 65
54, 58, 65
55, 54, 66
65, 66, 54
55, 67, 68
52, 55, 68
66, 67, 55
55, 52, 53
69, 51, 52
52, 70, 69
70, 52, 68
71, 34, 51
69, 71, 51
70, 72, 69
72, 71, 69
73, 70, 74
70, 73, 72
74, 70, 67
67, 70, 68
67, 75, 74
75, 67, 66
76, 66, 65
75, 66, 76
76, 65, 77
65, 63, 77
63, 78, 77
63, 62, 78
77, 78, 79
79, 76, 77
79, 80, 76
75, 76, 81
76, 80, 81
75, 82, 83
75, 81, 82
74, 75, 83
84, 74, 85
73, 74, 84
85, 74, 83
86, 73, 87
72, 73, 86
87, 73, 84
71, 72, 88
88, 72, 89
72, 86, 89
90, 86, 87
91, 86, 92
86, 90, 92
86, 91, 89
93, 87, 84
93, 90, 87
93, 84, 85
93, 85, 94
94, 85, 82
82, 85, 83
80, 95, 82
82, 95, 94
81, 80, 82
80, 96, 97
96, 80, 79
95, 80, 98
98, 80, 97
79, 78, 99
96, 79, 99
96, 100, 101
100, 96, 99
96, 101, 102
96, 102, 97
102, 98, 97
103, 98, 102
104, 95, 98
98, 103, 104
105, 95, 104
106, 95, 107
95, 93, 94
107, 95, 105
93, 95, 106
93, 108, 90
108, 93, 109
93, 106, 109
106, 110, 111
111, 112, 106
106, 112, 109
110, 106, 107
105, 110, 107
113, 110, 105
114, 105, 104
113, 105, 115
105, 114, 115
103, 114, 104
116, 103, 102
114, 103, 117
117, 103, 116
101, 116, 102
101, 100, 118
116, 101, 119
101, 118, 119
119, 120, 116
120, 117, 116
121, 114, 117
120, 121, 117
114, 122, 115
114, 121, 122
122, 123, 115
115, 123, 113
123, 124, 113
124, 110, 113
125, 111, 110
124, 125, 110
111, 126, 112
127, 111, 125
126, 111, 127
128, 108, 112
112, 108, 109
112, 126, 128
129, 126, 127
128, 126, 130
126, 129, 131
130, 126, 131
125, 129, 127
132, 129, 125
132, 125, 124
123, 133, 124
124, 134, 135
133, 134, 124
135, 132, 124
136, 137, 123
138, 136, 123
123, 137, 133
138, 123, 122
121, 138, 122
121, 139, 140
139, 121, 120
138, 121, 140
141, 136, 138
141, 138, 140
142, 143, 136
141, 142, 136
136, 143, 137
144, 133, 137
143, 144, 137
144, 134, 133
134, 145, 146
144, 145, 134
135, 134, 146
147, 132, 135
135, 148, 147
148, 135, 146
149, 129, 132
150, 149, 132
150, 132, 147
148, 151, 147
147, 151, 150
148, 145, 152
153, 148, 152
148, 153, 151
145, 148, 146
154, 145, 155
145, 156, 155
145, 144, 156
145, 154, 152
144, 143, 156
143, 157, 158
143, 142, 157
158, 156, 143
159, 157, 142
160, 142, 141
142, 160, 159
161, 157, 159
162, 157, 161
157, 162, 158
163, 156, 158
162, 163, 158
163, 164, 156
156, 164, 155
164, 154, 155
154, 165, 152
154, 164, 166
166, 165, 154
152, 165, 153
167, 168, 153
153, 165, 167
153, 168, 151
168, 150, 151
150, 168, 169
149, 150, 169
168, 170, 169
171, 170, 168
171, 168, 172
172, 168, 167
167, 165, 173
167, 173, 174
167, 174, 172
166, 175, 165
165, 175, 173
176, 166, 164
166, 176, 175
176, 164, 177
177, 164, 163
177, 163, 178
163, 162, 178
161, 179, 162
162, 179, 178
178, 180, 177
179, 180, 178
181, 176, 177
181, 177, 180
182, 176, 181
176, 182, 183
175, 176, 183
184, 173, 175
184, 175, 183
173, 185, 174
185, 173, 184
174, 186, 187
174, 185, 186
174, 187, 188
174, 188, 172
188, 171, 172
187, 189, 188
189, 171, 188
186, 190, 187
187, 190, 191
187, 191, 189
185, 192, 186
193, 190, 186
193, 186, 194
186, 192, 194
185, 184, 192
183, 192, 184
182, 192, 183
192, 182, 195
195, 182, 196
182, 181, 197
196, 182, 198
182, 197, 198
181, 180, 197
197, 199, 200
197, 200, 198
199, 197, 201
197, 180, 201
202, 196, 198
198, 200, 202
196, 202, 203
195, 196, 203
204, 192, 195
195, 205, 204
205, 195, 203
192, 204, 194
204, 193, 194
206, 193, 207
190, 193, 206
208, 207, 193
208, 193, 204
190, 209, 191
190, 206, 209
209, 210, 191
191, 210, 189
206, 211, 209
211, 210, 209
206, 207, 212
211, 206, 212
207, 208, 213
212, 207, 214
207, 213, 214
205, 215, 208
204, 205, 208
208, 215, 216
216, 217, 208
213, 208, 217
215, 205, 203
203, 202, 215
216, 215, 218
218, 215, 219
215, 202, 220
215, 220, 219
216, 221, 222
217, 216, 222
221, 216, 218
217, 223, 213
223, 217, 224
217, 222, 224
213, 223, 214
214, 223, 225
225, 212, 214
225, 211, 212
211, 225, 226
227, 211, 226
210, 211, 228
211, 227, 228
229, 225, 223
230, 226, 225
230, 225, 229
231, 223, 224
223, 231, 232
229, 223, 232
233, 224, 222
234, 224, 233
224, 234, 231
222, 221, 233
235, 221, 236
237, 221, 235
221, 237, 233
236, 221, 218
237, 234, 233
238, 234, 239
240, 231, 234
234, 238, 240
234, 237, 239
241, 231, 242
242, 231, 243
231, 241, 232
243, 231, 240
241, 229, 232
230, 229, 244
244, 229, 245
229, 241, 245
246, 230, 244
226, 230, 247
230, 246, 247
244, 248, 246
248, 244, 249
249, 244, 245
245, 250, 251
241, 250, 245
249, 245, 251
250, 241, 242
242, 252, 253
250, 242, 254
254, 242, 253
252, 242, 243
240, 255, 243
243, 255, 252
238, 255, 240
256, 255, 257
258, 255, 256
252, 255, 259
259, 255, 258
257, 255, 238
260, 252, 261
252, 259, 261
252, 260, 253
260, 254, 253
254, 262, 251
251, 250, 254
263, 262, 254
260, 263, 254
262, 249, 251
262, 248, 249
248, 264, 246
265, 248, 262
265, 264, 248
246, 266, 247
246, 264, 266
266, 226, 247
267, 266, 264
266, 268, 269
266, 267, 268
226, 266, 227
227, 266, 269
267, 264, 270
264, 265, 270
271, 265, 262
265, 271, 272
273, 270, 265
265, 272, 273
263, 271, 262
274, 271, 263
263, 260, 274
260, 261, 275
274, 260, 276
260, 275, 276
261, 277, 275
259, 277, 261
258, 277, 259
277, 278, 275
279, 277, 280
281, 278, 277
277, 279, 281
277, 258, 280
278, 282, 275
275, 282, 276
282, 274, 276
283, 271, 274
282, 283, 274
283, 272, 271
272, 283, 284
273, 272, 284
285, 286, 273
287, 273, 284
286, 270, 273
285, 273, 287
270, 286, 288
267, 270, 288
289, 286, 290
286, 289, 291
288, 286, 291
290, 286, 285
292, 285, 293
285, 294, 290
285, 292, 295
293, 285, 287
294, 285, 295
284, 296, 287
293, 287, 297
287, 296, 297
296, 284, 298
284, 283, 298
283, 299, 300
299, 283, 282
298, 283, 300
299, 282, 278
300, 299, 301
278, 302, 299
301, 299, 302
300, 303, 304
303, 300, 301
298, 300, 304
304, 305, 298
298, 305, 296
296, 305, 297
297, 305, 306
306, 293, 297
306, 292, 293
306, 307, 292
307, 308, 292
295, 292, 308
308, 309, 295
310, 294, 295
295, 309, 311
310, 295, 311
310, 312, 294
294, 312, 290
310, 313, 312
313, 310, 314
310, 315, 314
315, 310, 311
309, 315, 311
316, 309, 317
308, 318, 309
309, 318, 317
315, 309, 319
309, 316, 319
307, 318, 308
318, 307, 320
320, 307, 306
321, 306, 322
306, 321, 320
322, 306, 305
305, 323, 324
323, 305, 304
305, 324, 322
325, 321, 322
325, 322, 326
326, 322, 324
325, 327, 321
320, 321, 328
321, 327, 328
329, 320, 328
318, 320, 329
318, 329, 317
317, 330, 316
330, 317, 331
317, 329, 331
316, 332, 319
316, 330, 333
332, 316, 334
316, 333, 334
332, 315, 319
335, 315, 332
315, 335, 314
332, 334, 336
335, 332, 336
334, 337, 336
333, 337, 334
333, 330, 338
337, 333, 339
333, 338, 339
338, 330, 331
331, 340, 341
340, 331, 329
338, 331, 341
329, 328, 340
327, 342, 328
328, 342, 340
327, 325, 343
342, 327, 343
342, 344, 340
345, 344, 342
342, 343, 345
340, 344, 341
344, 338, 341
338, 346, 339
338, 344, 346
337, 339, 347
339, 346, 347
348, 337, 349
337, 350, 336
337, 347, 349
350, 337, 348
336, 350, 351
351, 352, 336
335, 336, 353
353, 336, 352
314, 335, 353
354, 314, 353
352, 354, 353
352, 355, 354
356, 355, 352
356, 352, 357
357, 352, 351
357, 351, 358
359, 358, 351
351, 350, 359
348, 360, 350
361, 350, 362
350, 361, 363
350, 363, 359
364, 350, 360
362, 350, 364
365, 358, 359
363, 365, 359
366, 357, 358
366, 358, 367
367, 358, 365
356, 357, 368
368, 357, 366
356, 369, 355
369, 356, 370
356, 368, 370
355, 313, 354
371, 313, 355
369, 371, 355
313, 314, 354
372, 313, 371
372, 312, 313
371, 369, 373
372, 371, 374
374, 371, 373
375, 369, 376
377, 369, 370
376, 369, 377
369, 375, 373
368, 377, 370
378, 377, 368
366, 378, 368
366, 367, 379
379, 378, 366
380, 381, 367
379, 367, 381
365, 380, 367
363, 382, 365
380, 365, 382
361, 382, 363
382, 361, 383
383, 380, 382
384, 385, 380
380, 385, 386
383, 384, 380
381, 380, 386
387, 388, 381
389, 387, 381
386, 389, 381
381, 388, 379
388, 378, 379
388, 390, 378
378, 390, 377
390, 376, 377
390, 391, 376
391, 375, 376
390, 392, 393
388, 392, 390
390, 393, 391
392, 388, 387
394, 392, 387
394, 387, 389
395, 389, 386
395, 394, 389
385, 395, 386
396, 397, 385
395, 385, 398
385, 397, 398
396, 385, 399
399, 385, 384
395, 400, 401
400, 395, 398
395, 401, 394
401, 402, 394
394, 402, 392
403, 392, 402
393, 392, 403
393, 404, 391
393, 403, 405
404, 393, 405
375, 391, 404
404, 406, 375
404, 405, 407
406, 404, 407
407, 405, 408
409, 408, 405
405, 403, 409
403, 402, 410
409, 403, 411
403, 410, 411
410, 402, 401
400, 410, 401
400, 412, 413
400, 413, 414
400, 414, 410
412, 400, 397
397, 400, 398
415, 412, 397
396, 415, 397
412, 416, 413
415, 416, 412
416, 417, 413
413, 418, 419
413, 417, 418
414, 413, 419
410, 414, 420
420, 414, 419
410, 420, 411
411, 421, 409
420, 421, 411
421, 422, 409
422, 408, 409
419, 423, 421
424, 422, 421
420, 419, 421
421, 423, 424
423, 419, 418
417, 425, 418
426, 423, 418
418, 425, 427
426, 418, 427
417, 416, 428
425, 417, 429
429, 417, 428
415, 428, 416
415, 430, 431
430, 415, 396
428, 415, 431
432, 429, 428
432, 428, 431
432, 433, 429
425, 429, 434
429, 433, 435
434, 429, 435
425, 434, 427
427, 436, 426
427, 434, 436
170, 423, 426
426, 436, 149
426, 149, 437
170, 426, 437
423, 170, 171
423, 171, 438
438, 424, 423
169, 170, 437
149, 169, 437
129, 149, 436
439, 129, 436
434, 439, 436
439, 434, 435
439, 435, 440
440, 435, 433
433, 441, 440
433, 432, 442
441, 433, 443
433, 442, 443
432, 431, 442
442, 431, 444
431, 430, 444
445, 446, 442
442, 446, 443
447, 442, 444
442, 447, 445
446, 441, 443
448, 441, 449
449, 441, 446
441, 448, 450
440, 441, 450
131, 439, 440
130, 131, 440
440, 451, 130
451, 440, 450
129, 439, 131
448, 451, 450
448, 449, 452
448, 453, 454
452, 453, 448
451, 448, 454
449, 455, 452
455, 449, 446
445, 455, 446
455, 445, 456
456, 445, 447
447, 430, 399
384, 447, 399
384, 456, 447
430, 447, 444
455, 456, 457
456, 384, 458
457, 456, 458
455, 459, 452
459, 455, 457
459, 453, 452
453, 460, 454
460, 453, 461
462, 453, 459
461, 453, 462
460, 451, 454
463, 128, 451
451, 460, 463
451, 128, 130
464, 460, 91
91, 460, 465
460, 464, 463
465, 460, 461
466, 467, 461
461, 462, 466
468, 461, 467
461, 468, 465
466, 462, 469
462, 459, 469
459, 457, 470
469, 459, 470
470, 457, 458
384, 471, 458
470, 458, 471
471, 384, 383
470, 471, 469
471, 472, 469
473, 466, 469
469, 472, 473
473, 474, 466
474, 467, 466
467, 475, 468
474, 475, 467
468, 476, 465
468, 475, 476
465, 476, 477
465, 89, 91
89, 465, 477
464, 91, 92
464, 478, 463
464, 90, 478
90, 464, 92
478, 128, 463
478, 108, 128
90, 108, 478
476, 88, 477
88, 89, 477
479, 480, 476
476, 480, 88
476, 475, 479
475, 474, 481
475, 481, 479
481, 474, 482
474, 473, 482
473, 472, 482
483, 482, 472
481, 482, 483
484, 485, 481
481, 485, 479
483, 484, 481
485, 480, 479
480, 485, 486
486, 71, 480
480, 71, 88
485, 484, 32
32, 486, 485
31, 484, 483
31, 32, 484
33, 486, 32
71, 486, 34
34, 486, 33
430, 396, 399
424, 487, 422
488, 424, 438
487, 424, 489
489, 424, 488
269, 268, 487
487, 408, 422
408, 487, 268
490, 487, 489
487, 490, 269
488, 491, 489
491, 490, 489
492, 491, 488
492, 488, 438
438, 171, 492
492, 171, 189
210, 492, 189
210, 491, 492
210, 490, 491
227, 490, 228
490, 210, 228
490, 227, 269
268, 267, 408
407, 408, 493
493, 408, 267
267, 288, 493
288, 291, 493
493, 291, 406
493, 406, 407
374, 406, 291
291, 289, 374
375, 406, 374
289, 372, 374
375, 374, 373
312, 289, 290
289, 312, 372
360, 494, 364
364, 494, 495
495, 362, 364
360, 496, 494
497, 360, 348
498, 496, 360
497, 498, 360
495, 494, 499
499, 494, 500
500, 494, 496
501, 500, 496
498, 501, 496
498, 502, 501
497, 502, 498
497, 503, 502
504, 503, 497
348, 504, 497
505, 348, 349
505, 504, 348
505, 506, 504
507, 504, 506
504, 507, 503
508, 503, 507
509, 510, 503
510, 502, 503
511, 503, 508
509, 503, 511
512, 501, 502
512, 502, 510
512, 513, 501
500, 501, 513
500, 514, 515
514, 500, 513
499, 500, 515
514, 513, 516
516, 513, 517
513, 512, 517
512, 518, 517
518, 512, 519
512, 510, 519
510, 509, 519
519, 509, 520
509, 521, 520
521, 509, 522
523, 522, 509
523, 509, 511
523, 511, 508
524, 522, 523
508, 524, 523
525, 522, 526
522, 525, 521
522, 524, 526
527, 521, 525
528, 521, 527
521, 528, 520
528, 519, 520
519, 528, 518
518, 529, 516
529, 518, 528
518, 516, 517
530, 528, 527
529, 528, 530
530, 527, 531
531, 527, 525
532, 525, 533
533, 525, 526
531, 525, 532
524, 533, 526
534, 524, 508
533, 524, 535
524, 534, 535
532, 533, 536
537, 533, 535
533, 537, 536
532, 536, 538
539, 532, 538
531, 532, 539
531, 540, 541
540, 531, 539
530, 531, 541
542, 539, 538
543, 540, 539
539, 542, 543
536, 542, 538
544, 542, 536
537, 544, 536
544, 537, 545
545, 537, 546
534, 537, 535
546, 537, 534
534, 508, 547
547, 546, 534
508, 507, 548
547, 508, 548
546, 547, 549
547, 548, 550
547, 550, 549
551, 552, 546
546, 553, 545
552, 553, 546
551, 546, 549
553, 544, 545
554, 544, 555
544, 553, 555
542, 544, 554
542, 554, 543
556, 540, 543
543, 554, 556
554, 557, 558
554, 559, 557
559, 554, 555
556, 554, 558
553, 559, 555
552, 559, 553
560, 559, 552
552, 561, 562
561, 552, 551
560, 552, 562
551, 563, 564
565, 551, 549
563, 551, 565
564, 561, 551
549, 550, 565
563, 550, 566
548, 566, 550
565, 550, 563
507, 567, 548
548, 567, 566
507, 506, 567
567, 568, 569
567, 570, 571
506, 570, 567
567, 571, 568
569, 572, 567
567, 572, 566
566, 572, 573
574, 566, 573
566, 574, 575
563, 566, 575
575, 576, 563
576, 564, 563
577, 578, 564
578, 561, 564
579, 564, 576
577, 564, 579
580, 579, 576
581, 576, 575
576, 582, 580
582, 576, 583
581, 583, 576
575, 574, 581
574, 584, 585
574, 586, 584
573, 586, 574
581, 574, 585
573, 587, 588
588, 586, 573
572, 587, 573
572, 589, 587
590, 589, 572
590, 572, 569
587, 589, 591
587, 592, 588
592, 587, 591
588, 592, 586
593, 586, 594
586, 592, 594
584, 586, 593
583, 584, 595
593, 595, 584
584, 583, 585
595, 582, 583
583, 581, 585
596, 582, 597
582, 596, 598
599, 582, 598
599, 580, 582
597, 582, 595
595, 600, 597
595, 593, 600
601, 593, 594
600, 593, 602
593, 601, 603
602, 593, 603
592, 601, 594
604, 592, 591
601, 592, 605
592, 604, 605
591, 589, 606
591, 606, 604
589, 607, 606
589, 590, 607
607, 590, 608
608, 590, 609
590, 569, 609
610, 606, 607
610, 607, 608
606, 611, 612
613, 606, 610
613, 611, 606
606, 612, 604
612, 614, 604
604, 614, 605
614, 601, 605
601, 614, 615
603, 601, 616
616, 601, 615
617, 618, 603
603, 618, 619
603, 619, 602
617, 603, 616
620, 617, 616
615, 620, 616
615, 621, 622
615, 614, 621
620, 615, 622
612, 621, 614
623, 621, 612
611, 623, 612
613, 623, 611
613, 624, 625
625, 623, 613
624, 613, 610
624, 610, 626
610, 627, 626
627, 610, 608
624, 628, 629
625, 624, 630
624, 629, 630
626, 628, 624
631, 632, 625
623, 625, 632
631, 625, 630
633, 623, 634
623, 632, 634
621, 623, 633
635, 621, 633
621, 635, 622
622, 635, 636
636, 620, 622
636, 637, 620
620, 637, 638
638, 617, 620
638, 618, 617
638, 639, 640
618, 638, 640
637, 639, 638
641, 639, 637
642, 641, 637
643, 642, 637
643, 637, 636
635, 643, 636
635, 633, 644
645, 635, 644
643, 635, 646
635, 645, 646
647, 633, 634
633, 647, 644
632, 647, 634
648, 632, 631
647, 632, 648
631, 630, 649
649, 648, 631
649, 630, 650
650, 630, 629
649, 651, 652
648, 649, 652
653, 651, 649
650, 653, 649
648, 654, 647
652, 654, 648
647, 654, 645
647, 645, 644
645, 655, 656
655, 645, 654
657, 645, 656
645, 657, 646
657, 643, 646
643, 657, 658
642, 643, 658
659, 641, 642
659, 642, 658
657, 659, 658
659, 657, 660
657, 661, 660
661, 657, 656
655, 661, 656
662, 663, 655
654, 662, 655
663, 661, 655
662, 654, 652
652, 651, 664
665, 662, 652
652, 664, 665
666, 651, 667
664, 651, 668
651, 666, 668
651, 653, 667
653, 669, 670
671, 669, 653
671, 653, 650
653, 670, 667
629, 671, 650
671, 629, 672
669, 671, 673
673, 671, 672
674, 669, 673
674, 675, 669
669, 675, 670
670, 666, 667
675, 676, 670
666, 670, 676
676, 677, 666
666, 678, 668
678, 666, 679
666, 677, 679
678, 664, 668
665, 664, 680
678, 680, 664
662, 665, 680
663, 662, 681
662, 680, 681
680, 682, 683
682, 680, 678
681, 680, 683
682, 678, 684
684, 678, 679
677, 684, 679
684, 677, 685
677, 686, 685
676, 686, 677
676, 675, 687
686, 676, 687
688, 675, 674
675, 688, 689
675, 689, 687
674, 673, 690
691, 674, 690
688, 674, 692
674, 691, 692
690, 673, 693
693, 673, 672
691, 690, 693
692, 691, 323
323, 691, 324
693, 324, 691
688, 692, 694
694, 692, 323
694, 689, 688
686, 689, 695
689, 694, 696
697, 689, 696
689, 686, 687
689, 697, 695
686, 698, 699
685, 686, 699
698, 686, 695
699, 700, 685
685, 700, 684
700, 682, 684
700, 701, 702
703, 701, 700
704, 700, 699
704, 703, 700
682, 700, 702
698, 705, 699
699, 705, 704
698, 706, 705
697, 698, 695
706, 698, 707
698, 697, 707
696, 708, 697
697, 708, 707
696, 694, 709
708, 696, 709
304, 709, 694
304, 694, 323
304, 303, 709
303, 708, 709
710, 708, 711
708, 303, 712
708, 710, 707
711, 708, 712
707, 710, 706
713, 705, 706
713, 706, 714
715, 714, 706
706, 710, 715
705, 713, 704
716, 703, 704
704, 713, 717
716, 704, 717
701, 703, 718
718, 703, 716
716, 719, 720
718, 716, 720
719, 716, 717
713, 719, 717
719, 713, 721
713, 714, 722
713, 722, 721
723, 714, 715
723, 722, 714
710, 724, 715
724, 723, 715
711, 724, 710
711, 725, 726
727, 725, 711
726, 724, 711
727, 711, 712
303, 727, 712
727, 303, 301
302, 727, 301
725, 727, 302
302, 281, 725
725, 281, 728
725, 728, 729
726, 725, 729
730, 724, 726
729, 730, 726
724, 731, 723
732, 731, 724
730, 732, 724
731, 722, 723
731, 733, 722
722, 733, 721
719, 721, 734
721, 733, 735
734, 721, 735
734, 720, 719
734, 736, 737
736, 734, 735
720, 734, 737
735, 733, 738
735, 738, 736
739, 733, 731
733, 739, 738
740, 739, 731
740, 731, 732
732, 741, 742
741, 732, 730
740, 732, 743
743, 732, 742
729, 741, 730
728, 744, 729
729, 744, 741
728, 281, 279
279, 744, 728
281, 302, 278
745, 744, 746
741, 744, 745
744, 279, 746
741, 745, 742
747, 742, 748
742, 745, 748
747, 743, 742
743, 749, 740
750, 749, 743
747, 750, 743
751, 740, 749
739, 740, 751
739, 751, 738
738, 751, 752
752, 753, 738
738, 753, 754
754, 736, 738
751, 755, 756
751, 757, 755
751, 749, 757
752, 751, 756
758, 749, 759
749, 750, 759
757, 749, 758
760, 750, 761
750, 760, 762
750, 762, 759
761, 750, 747
747, 763, 761
763, 747, 748
745, 763, 748
763, 745, 764
745, 746, 764
765, 763, 764
763, 766, 761
766, 763, 765
761, 766, 760
767, 760, 766
768, 760, 769
768, 770, 760
769, 760, 767
760, 770, 762
771, 758, 762
762, 770, 771
762, 758, 759
771, 772, 758
772, 757, 758
755, 757, 773
773, 757, 772
774, 773, 772
772, 775, 774
775, 772, 776
772, 771, 776
771, 770, 776
776, 770, 777
770, 768, 778
770, 778, 779
770, 779, 777
778, 768, 780
780, 768, 781
768, 769, 781
769, 767, 782
769, 783, 784
769, 784, 781
783, 769, 782
784, 780, 781
785, 780, 784
785, 786, 780
786, 778, 780
778, 786, 779
786, 787, 779
787, 788, 779
779, 788, 777
788, 776, 777
776, 788, 775
789, 775, 788
790, 775, 789
775, 790, 774
787, 789, 788
787, 786, 791
792, 789, 787
792, 787, 793
793, 787, 791
786, 794, 791
794, 786, 795
786, 785, 795
785, 796, 795
784, 797, 785
796, 785, 797
798, 797, 784
783, 798, 784
799, 783, 782
798, 783, 799
800, 799, 782
782, 767, 800
801, 798, 799
802, 801, 799
802, 799, 800
798, 801, 803
797, 798, 804
804, 798, 803
797, 805, 796
804, 805, 797
796, 794, 795
796, 805, 806
794, 796, 806
807, 793, 794
807, 794, 806
794, 793, 791
808, 793, 807
808, 792, 793
792, 808, 809
792, 809, 789
810, 808, 811
809, 808, 812
812, 808, 810
811, 808, 813
813, 808, 807
806, 814, 807
807, 814, 813
806, 805, 815
814, 806, 815
815, 805, 816
805, 804, 817
805, 817, 816
817, 804, 818
818, 804, 803
801, 819, 803
803, 819, 818
819, 801, 820
801, 802, 820
821, 822, 819
820, 821, 819
819, 823, 818
823, 819, 824
819, 822, 825
824, 819, 825
818, 823, 826
818, 826, 817
826, 827, 817
817, 827, 816
827, 815, 816
815, 827, 828
828, 814, 815
813, 814, 829
830, 831, 814
814, 828, 830
814, 831, 829
829, 811, 813
832, 811, 829
831, 832, 829
831, 833, 834
832, 831, 834
831, 830, 835
836, 833, 831
831, 835, 836
830, 837, 835
828, 837, 830
827, 837, 828
827, 838, 839
827, 826, 838
837, 827, 839
826, 823, 838
823, 840, 838
840, 841, 838
838, 841, 839
841, 837, 839
837, 841, 842
835, 837, 842
836, 835, 843
843, 835, 842
844, 833, 836
843, 844, 836
833, 844, 845
846, 833, 847
833, 845, 847
833, 846, 834
846, 832, 834
848, 811, 832
848, 832, 846
849, 846, 847
846, 849, 850
850, 848, 846
845, 849, 847
851, 849, 845
852, 851, 845
845, 844, 852
844, 843, 853
852, 844, 853
843, 854, 855
842, 854, 843
853, 843, 855
841, 856, 842
842, 856, 854
840, 856, 841
857, 840, 858
856, 840, 857
858, 840, 823
859, 856, 860
861, 856, 857
856, 859, 854
860, 856, 861
859, 862, 854
854, 862, 855
862, 853, 855
853, 863, 864
862, 863, 853
864, 852, 853
865, 866, 852
852, 866, 851
865, 852, 864
864, 863, 867
867, 865, 864
868, 869, 863
868, 863, 870
870, 863, 862
867, 863, 869
862, 859, 870
870, 859, 871
860, 871, 859
861, 872, 860
873, 871, 860
860, 872, 873
861, 857, 874
875, 861, 874
872, 861, 875
874, 857, 876
857, 858, 876
874, 877, 875
878, 874, 876
877, 874, 879
874, 878, 879
875, 877, 880
875, 880, 881
872, 875, 881
882, 873, 872
882, 872, 881
873, 883, 871
884, 883, 873
873, 882, 884
871, 883, 885
870, 871, 885
868, 870, 885
868, 886, 869
885, 886, 868
883, 886, 885
883, 884, 887
888, 883, 887
886, 883, 888
882, 889, 884
889, 890, 884
887, 884, 890
889, 882, 891
882, 881, 892
891, 882, 892
880, 893, 881
881, 893, 892
880, 894, 895
880, 896, 893
880, 895, 896
894, 880, 877
894, 877, 879
878, 894, 879
895, 894, 897
894, 878, 898
898, 897, 894
897, 896, 895
896, 897, 899
900, 893, 896
896, 901, 900
901, 896, 899
893, 900, 902
891, 893, 902
893, 891, 892
903, 889, 891
904, 891, 902
891, 904, 903
903, 890, 889
905, 906, 890
907, 890, 903
890, 907, 905
890, 906, 887
906, 888, 887
888, 906, 908
906, 909, 908
906, 905, 909
910, 905, 911
905, 910, 912
909, 905, 912
911, 905, 907
913, 907, 914
914, 907, 903
907, 913, 911
904, 914, 903
904, 915, 916
917, 904, 900
917, 915, 904
900, 904, 902
904, 916, 914
901, 917, 900
917, 901, 918
918, 915, 917
919, 918, 901
901, 920, 919
920, 901, 899
897, 920, 899
921, 920, 897
920, 921, 922
920, 923, 919
923, 920, 922
923, 924, 919
918, 919, 925
919, 924, 925
915, 918, 926
925, 926, 918
915, 927, 928
915, 928, 916
929, 927, 915
929, 915, 926
928, 913, 916
916, 913, 914
913, 930, 911
928, 930, 913
911, 930, 910
930, 931, 932
933, 930, 928
931, 930, 933
934, 930, 932
930, 934, 910
928, 927, 933
933, 927, 931
935, 927, 929
936, 927, 935
931, 927, 937
927, 936, 937
938, 935, 929
938, 929, 926
939, 926, 925
926, 939, 938
924, 939, 925
940, 941, 924
923, 940, 924
924, 941, 939
941, 942, 939
939, 942, 938
938, 942, 943
935, 938, 943
944, 935, 943
936, 935, 944
936, 944, 945
945, 937, 936
946, 937, 947
931, 937, 946
937, 945, 947
948, 931, 946
931, 948, 932
948, 934, 932
949, 950, 934
934, 948, 949
910, 934, 950
950, 951, 910
912, 910, 951
950, 949, 952
951, 950, 953
950, 954, 953
954, 950, 952
949, 948, 955
952, 949, 955
956, 955, 948
948, 946, 956
957, 946, 947
946, 957, 956
945, 957, 947
945, 944, 958
957, 945, 959
959, 945, 958
944, 960, 958
961, 960, 944
961, 944, 943
962, 943, 942
961, 943, 962
961, 962, 963
960, 961, 964
964, 961, 963
965, 960, 964
960, 965, 966
958, 960, 966
959, 958, 966
959, 967, 957
968, 967, 959
968, 959, 966
969, 957, 967
957, 969, 956
969, 955, 956
970, 955, 971
955, 969, 971
972, 955, 970
955, 972, 952
972, 954, 952
972, 973, 974
975, 973, 972
974, 954, 972
970, 975, 972
976, 975, 970
971, 976, 970
971, 969, 977
977, 976, 971
977, 969, 978
967, 978, 969
979, 978, 967
967, 968, 980
979, 967, 980
966, 981, 968
980, 968, 982
981, 982, 968
966, 965, 981
981, 983, 984
982, 981, 984
965, 983, 981
982, 985, 980
986, 985, 982
986, 982, 984
980, 985, 979
987, 979, 988
988, 979, 985
987, 978, 979
978, 987, 977
977, 987, 989
990, 976, 977
977, 989, 990
990, 975, 976
990, 991, 975
975, 992, 973
975, 991, 992
990, 989, 991
993, 989, 994
989, 987, 994
993, 991, 989
995, 987, 988
996, 987, 995
994, 987, 996
988, 985, 997
995, 988, 997
998, 985, 986
997, 985, 999
1000, 985, 998
1000, 999, 985
1001, 998, 986
983, 986, 984
1001, 986, 1002
1002, 986, 983
983, 965, 1003
983, 1003, 1002
1004, 1001, 1002
1003, 1004, 1002
1005, 998, 1001
1004, 1006, 1001
1001, 1006, 1005
998, 1005, 1000
999, 1000, 1007
1000, 1005, 1008
1007, 1000, 1008
1009, 999, 1007
999, 1009, 997
1009, 995, 997
1010, 996, 995
995, 1009, 1010
996, 1011, 994
1011, 996, 1012
996, 1010, 1012
1011, 993, 994
993, 1011, 1013
1012, 1014, 1011
1011, 1014, 1013
1014, 1012, 1015
1012, 1010, 1015
1015, 1010, 1016
1010, 1009, 1016
1009, 1017, 1016
1018, 1017, 1009
1009, 1007, 1018
1007, 1008, 1018
1008, 1005, 1019
1008, 1019, 1020
1018, 1008, 1020
1019, 1005, 1021
1005, 1006, 1022
1021, 1005, 1022
1019, 1023, 1020
1023, 1018, 1020
1023, 1024, 1018
1024, 1017, 1018
1016, 1017, 1025
1025, 1015, 1016
1026, 1014, 1015
1015, 1025, 1026
1014, 1027, 1028
1014, 1026, 1029
1027, 1014, 1029
1013, 1014, 1028
1013, 1030, 1031
993, 1013, 1031
1030, 1013, 1028
1027, 1030, 1028
1030, 1027, 1032
1030, 1033, 1034
1035, 1030, 1034
1030, 1035, 1031
1033, 1030, 1032
1031, 1035, 1036
1036, 993, 1031
991, 993, 1036
1035, 1037, 1036
1037, 991, 1036
1037, 1035, 1038
1038, 1035, 1034
1039, 1034, 1033
1038, 1034, 1040
1034, 1039, 1040
1041, 1038, 1042
1038, 1041, 1037
1042, 1038, 1040
1037, 1041, 1043
1044, 991, 1037
1037, 1043, 1044
992, 991, 1044
1045, 992, 1044
1046, 1045, 1044
1043, 1046, 1044
1041, 1047, 1043
1047, 1046, 1043
1041, 1042, 1048
1047, 1041, 1048
1039, 1042, 1040
1042, 1039, 1049
1048, 1042, 1050
1042, 1051, 1050
1051, 1042, 1049
1052, 1047, 1048
1053, 1048, 1050
1052, 1048, 1053
1047, 1054, 1046
1054, 1047, 1055
1047, 1052, 1055
1046, 1056, 1045
1054, 1056, 1046
1056, 1057, 1045
1057, 992, 1045
992, 1057, 973
1058, 973, 1057
1057, 1059, 1058
1057, 1056, 1059
1056, 1054, 1060
1061, 1056, 1060
1056, 1061, 1059
1062, 1054, 1055
1054, 1062, 1060
1062, 1055, 1063
1063, 1055, 1052
1064, 1052, 1053
1063, 1052, 1064
1065, 1064, 1053
1051, 1053, 1050
1053, 1051, 1065
1064, 1065, 1066
1066, 1067, 1064
1067, 1063, 1064
1068, 1062, 1063
1063, 1069, 1068
1063, 1067, 1069
1070, 1062, 1071
1071, 1062, 1068
1070, 1060, 1062
1072, 1060, 1070
1072, 1061, 1060
1061, 1073, 1059
1072, 1074, 1061
1061, 1074, 1073
1058, 1059, 1073
974, 973, 1058
1073, 974, 1058
1073, 1075, 1076
1074, 1075, 1073
1073, 1076, 1077
974, 1073, 1078
1078, 1073, 1077
1075, 1074, 1079
1074, 1072, 1080
1081, 1074, 1080
1074, 1081, 1079
1080, 1072, 1082
1082, 1072, 1070
1071, 1083, 1070
1083, 1082, 1070
1084, 1083, 1071
1085, 1084, 1071
1085, 1071, 1068
1068, 1069, 1085
1085, 1069, 1086
1084, 1085, 1087
1087, 1085, 1086
1088, 1083, 1084
1088, 1084, 1087
1083, 1089, 1090
1089, 1083, 1088
1082, 1083, 1090
1082, 1091, 1080
1091, 1082, 1090
1080, 1091, 1081
1091, 1092, 1081
1092, 1093, 1081
1079, 1081, 1093
1094, 1075, 1079
1095, 1094, 1079
1093, 1095, 1079
1093, 1092, 1096
1095, 1093, 1096
1092, 1097, 1098
1097, 1092, 1099
1092, 1098, 1096
1092, 1091, 1099
1091, 1089, 1099
1089, 1091, 1090
1100, 1089, 1101
1099, 1089, 1100
1089, 1088, 1101
1102, 1088, 1087
1088, 1103, 1101
1103, 1088, 1102
1087, 1104, 1102
1104, 1087, 1086
1086, 1069, 1105
1105, 1104, 1086
1104, 1105, 1106
1102, 1104, 1107
1107, 1104, 1106
1103, 1102, 1107
1108, 1109, 1103
1108, 1103, 1110
1110, 1103, 1107
1101, 1103, 1109
1109, 1100, 1101
1109, 1111, 1100
1111, 1097, 1100
1097, 1099, 1100
1097, 1111, 1112
1097, 1112, 1113
1098, 1097, 1113
1114, 1098, 1113
1115, 1098, 1114
1096, 1098, 1115
1095, 1096, 1115
1116, 1095, 1115
1114, 1116, 1115
1113, 1117, 1114
1116, 1114, 1118
1114, 1117, 1118
1119, 1117, 1113
1113, 1112, 1119
1111, 1120, 1112
1120, 1119, 1112
1121, 1120, 1111
1121, 1111, 1122
1111, 1109, 1123
1122, 1111, 1123
1109, 1108, 1123
1110, 1124, 1108
1108, 1124, 1122
1108, 1122, 1123
1106, 1125, 1110
1110, 1125, 1126
1124, 1110, 1126
1106, 1110, 1107
1124, 1127, 1128
1124, 1128, 1122
1129, 1127, 1124
1124, 1126, 1129
1121, 1122, 1130
1122, 1128, 1130
1131, 1121, 1130
1121, 1131, 1120
1119, 1120, 1132
1120, 1131, 1133
1120, 1133, 1132
1134, 1119, 1132
1135, 1119, 1134
1117, 1119, 1135
1133, 1134, 1132
1133, 1136, 1137
1136, 1133, 1131
1137, 1134, 1133
1128, 1136, 1131
1128, 1131, 1130
1138, 1136, 1128
1138, 1128, 1127
1139, 1138, 1127
1140, 1127, 1129
1140, 1139, 1127
1141, 1140, 1129
1129, 1142, 1141
1126, 1142, 1129
1125, 1142, 1126
1125, 1143, 1142
1106, 1144, 1125
1143, 1125, 1144
1142, 1143, 1145
1142, 1145, 1141
1145, 1146, 1141
1146, 1140, 1141
1139, 1140, 1147
1140, 1146, 1148
1148, 1147, 1140
1149, 1139, 1147
1139, 1150, 1151
1139, 1149, 1150
1138, 1139, 1152
1152, 1139, 1151
1136, 1138, 1152
1153, 1154, 1136
1153, 1136, 1152
1137, 1136, 1154
1151, 1153, 1152
1151, 1155, 1153
1156, 1155, 1151
1151, 1150, 1156
1149, 1157, 1150
1157, 1156, 1150
1157, 1149, 1158
1149, 1159, 1158
1159, 1149, 1160
1149, 1147, 1160
1161, 1147, 1148
1147, 1161, 1160
1162, 1163, 1148
1148, 1163, 1161
1148, 1146, 1162
1164, 1146, 1145
1146, 1164, 1162
1165, 1162, 1166
1165, 1163, 1162
1166, 1162, 1164
1163, 1165, 1167
1168, 1161, 1163
1163, 1167, 1169
1169, 1168, 1163
1161, 1159, 1160
1161, 1168, 1170
1159, 1161, 1170
1159, 1171, 1158
1172, 1171, 1159
1170, 1172, 1159
1171, 1157, 1158
1157, 1173, 1156
1171, 1174, 1157
1174, 1173, 1157
1156, 1173, 1155
1174, 1175, 1173
1155, 1173, 1176
1173, 1175, 1177
1176, 1173, 1177
1174, 1171, 1178
1175, 1174, 1178
1171, 1179, 1180
1172, 1179, 1171
1178, 1171, 1180
1181, 1172, 1170
1172, 1182, 1179
1182, 1172, 1181
1168, 1181, 1170
1183, 1168, 1184
1168, 1183, 1181
1168, 1169, 1184
1184, 1169, 1185
1185, 1186, 1184
1184, 1186, 1183
1187, 1182, 1183
1187, 1183, 1188
1181, 1183, 1182
1188, 1183, 1186
1189, 1182, 1190
1189, 1179, 1182
1182, 1187, 1190
1179, 1189, 1180
1180, 1189, 1191
1178, 1180, 1191
1178, 1191, 1192
1192, 1175, 1178
1191, 1193, 1192
1189, 1193, 1191
1194, 1189, 1190
1193, 1189, 1195
1189, 1194, 1195
1187, 1194, 1190
1187, 1188, 1196
1187, 1196, 1197
1194, 1187, 1197
1188, 1198, 1196
1186, 1198, 1188
1199, 1198, 1186
1185, 1199, 1186
1196, 1198, 1200
1197, 1196, 1201
1200, 1201, 1196
1197, 1201, 1194
1202, 1195, 1194
1194, 1201, 1203
1194, 1203, 1202
1204, 1193, 1195
1204, 1195, 1202
1193, 1205, 1192
1193, 1204, 1205
1206, 1175, 1192
1192, 1205, 1206
1207, 1205, 1208
1207, 1206, 1205
1205, 1204, 1208
1208, 1204, 1209
1202, 1209, 1204
1210, 1209, 1202
1202, 1203, 1210
1201, 1211, 1203
1212, 1203, 1213
1214, 1203, 1212
1203, 1214, 1210
1213, 1203, 1211
1200, 1211, 1201
1211, 1200, 1215
1213, 1211, 1215
1213, 1216, 1212
1214, 1212, 1217
1218, 1212, 1219
1217, 1212, 1218
1220, 1212, 1216
1212, 1220, 1219
1214, 1221, 1222
1214, 1217, 1223
1210, 1214, 1224
1214, 1225, 1221
1224, 1214, 1222
1225, 1214, 1223
1210, 1224, 1209
1209, 1224, 1226
1209, 1226, 1208
1226, 1227, 1208
1208, 1227, 1207
1227, 1226, 1228
1226, 1224, 1228
1228, 1224, 1229
1229, 1224, 1222
1221, 1229, 1222
1230, 1229, 1221
1225, 1230, 1221
1225, 1231, 1232
1225, 1232, 1230
1231, 1225, 1233
1225, 1234, 1233
1234, 1225, 1223
1217, 1234, 1223
1217, 1218, 1235
1234, 1217, 1235
1236, 1218, 1219
1235, 1218, 1237
1218, 1236, 1237
1220, 1236, 1219
1238, 1236, 1220
1220, 1216, 1239
1238, 1220, 1239
1236, 1240, 1237
1241, 1236, 1238
1236, 1241, 1240
1240, 1242, 1237
1237, 1242, 1235
1242, 1243, 1235
1235, 1243, 1234
1234, 1244, 1233
1244, 1234, 1243
1244, 1231, 1233
1245, 1231, 1246
1231, 1245, 1232
1244, 1246, 1231
1232, 1245, 1247
1232, 1247, 1230
1247, 1229, 1230
1229, 1247, 1248
1229, 1248, 1228
1249, 1247, 1250
1249, 1248, 1247
1250, 1247, 1245
1245, 1246, 1251
1245, 1251, 1252
1250, 1245, 1252
1246, 1253, 1254
1253, 1246, 1244
1255, 1256, 1246
1251, 1246, 1256
1255, 1246, 1254
1243, 1253, 1244
1242, 1257, 1243
1257, 1253, 1243
1242, 1258, 1257
1259, 1242, 1240
1258, 1242, 1260
1260, 1242, 1259
1257, 1258, 1253
1253, 1258, 1261
1254, 1253, 1261
1259, 1262, 1263
1240, 1262, 1259
1241, 1262, 1240
1255, 1264, 1265
1255, 1265, 1256
1256, 1266, 1251
1256, 1265, 1266
1251, 1266, 1252
1252, 1266, 1267
1267, 1250, 1252
1267, 1249, 1250
1249, 1267, 1268
1269, 1267, 1270
1266, 1271, 1267
1267, 1271, 1270
1267, 1269, 1268
1272, 1266, 1265
1266, 1272, 1271
1265, 1264, 1272
1273, 1272, 1264
1273, 1264, 1274
1272, 1275, 1271
1275, 1272, 1273
1271, 1275, 1270
1276, 1277, 1270
1270, 1275, 1276
1270, 1277, 1269
1269, 1277, 1278
1279, 1269, 1278
1269, 1279, 1268
1279, 1249, 1268
1278, 1280, 1279
1279, 1280, 1281
1249, 1279, 1281
1282, 1280, 1278
1278, 1277, 1283
1283, 1282, 1278
1283, 1277, 1284
1277, 1276, 1284
1276, 1285, 1286
1285, 1276, 1287
1276, 1275, 1287
1284, 1276, 1288
1288, 1276, 1286
1275, 1273, 1287
1289, 1287, 1273
1289, 1273, 1274
1285, 1287, 1290
1290, 1287, 1289
1291, 1285, 1292
1285, 1293, 1292
1293, 1285, 1290
1285, 1291, 1286
1291, 1288, 1286
1284, 1288, 1294
1288, 1295, 1296
1295, 1288, 1291
1288, 1296, 1294
1283, 1284, 1297
1297, 1284, 1294
1282, 1283, 1298
1299, 1283, 1297
1298, 1283, 1299
1299, 1297, 1300
1297, 1296, 1300
1296, 1297, 1294
1296, 1295, 1301
1296, 1301, 1300
1295, 1302, 1303
1301, 1295, 1303
1302, 1295, 1291
1302, 1291, 1292
1304, 1305, 1292
1305, 1302, 1292
1292, 1293, 1304
1306, 1304, 1293
1307, 1293, 1290
1289, 1307, 1290
1306, 1305, 1304
1308, 1305, 1309
1305, 1306, 1310
1302, 1305, 1308
1310, 1309, 1305
1302, 1308, 1303
1308, 1301, 1303
1311, 1312, 1301
1312, 1300, 1301
1301, 1308, 1311
1299, 1300, 1312
1299, 1313, 1298
1313, 1299, 1312
1314, 1282, 1298
1315, 1314, 1298
1315, 1298, 1316
1316, 1298, 1313
1317, 1313, 1318
1313, 1317, 1316
1318, 1313, 1312
1318, 1312, 1319
1312, 1320, 1319
1320, 1312, 1311
1308, 1321, 1311
1311, 1321, 1320
1308, 1309, 1321
1322, 1309, 1310
1323, 1321, 1309
1323, 1309, 1322
1310, 1306, 1324
1322, 1310, 1324
1306, 1325, 1324
1324, 1325, 1326
1326, 1322, 1324
1322, 1326, 1327
1328, 1322, 1327
1322, 1328, 1323
1321, 1323, 1329
1329, 1323, 1330
1330, 1323, 1328
1320, 1321, 1329
1320, 1329, 1331
1320, 1331, 1319
1332, 1319, 1331
1318, 1319, 1332
1333, 1318, 1332
1317, 1318, 1333
1334, 1316, 1317
1334, 1317, 1335
1335, 1317, 1333
1315, 1316, 1334
1336, 1334, 1335
1336, 1315, 1334
1337, 1336, 1335
1333, 1337, 1335
1333, 1338, 1337
1339, 1333, 1332
1339, 1338, 1333
1330, 1340, 1332
1331, 1330, 1332
1332, 1340, 1341
1332, 1341, 1342
1339, 1332, 1342
1331, 1329, 1330
1340, 1330, 1328
1340, 1328, 1343
1327, 1343, 1328
1327, 1344, 1345
1343, 1327, 1345
1326, 1344, 1327
1344, 1326, 1346
1346, 1326, 1325
1347, 1346, 1325
1348, 1344, 1346
1347, 1348, 1346
1349, 1344, 1350
1344, 1348, 1350
1344, 1349, 1345
1349, 1343, 1345
1343, 1349, 1351
1343, 1352, 1340
1352, 1343, 1351
1341, 1340, 1352
1341, 1353, 1354
1341, 1354, 1342
1352, 1353, 1341
1354, 1339, 1342
1339, 1354, 1355
1339, 1355, 1338
1356, 1338, 1355
1357, 1338, 1356
1338, 1357, 1337
1354, 1358, 1355
1355, 1358, 1356
1354, 1353, 1359
1358, 1354, 1359
1353, 1352, 1360
1359, 1353, 1361
1361, 1353, 1362
1362, 1353, 1360
1352, 1363, 1360
1363, 1352, 1351
1349, 1363, 1351
1363, 1349, 1364
1364, 1349, 1350
1364, 1350, 1365
1365, 1350, 1348
1365, 1348, 1347
1366, 1365, 1367
1365, 1366, 1364
1363, 1364, 1368
1368, 1364, 1366
1362, 1363, 1368
1363, 1362, 1360
1368, 1369, 1362
1362, 1369, 1361
1369, 1370, 1361
1370, 1359, 1361
1371, 1359, 1370
1371, 1358, 1359
1358, 1371, 1372
1358, 1372, 1373
1358, 1373, 1374
1356, 1358, 1374
1374, 1357, 1356
1374, 1375, 1357
1374, 1373, 1375
1373, 1376, 1375
1373, 1372, 1376
1376, 1372, 1377
1371, 1378, 1372
1372, 1378, 1377
1379, 1371, 1370
1371, 1379, 1378
1380, 1379, 1370
1369, 1380, 1370
1369, 1368, 1381
1382, 1369, 1381
1380, 1369, 1382
1368, 1366, 1381
1366, 1382, 1381
1366, 1383, 1382
1382, 1383, 1384
1384, 1380, 1382
1384, 1379, 1380
1385, 1378, 1379
1379, 1384, 1386
1385, 1379, 1386
1378, 1385, 1377
1377, 1385, 1387
1387, 1376, 1377
1388, 1376, 1389
1390, 1376, 1387
1375, 1376, 1388
1389, 1376, 1390
1375, 1391, 1357
1392, 1391, 1375
1375, 1388, 1392
1392, 1388, 1393
1393, 1388, 1389
1394, 1389, 1395
1389, 1394, 1393
1389, 1390, 1395
1396, 1390, 1397
1398, 1390, 1399
1387, 1399, 1390
1390, 1396, 1395
1390, 1398, 1397
1385, 1399, 1387
1386, 1399, 1385
1399, 1386, 1400
1386, 1401, 1400
1386, 1384, 1401
1399, 1402, 1403
1398, 1399, 1403
1402, 1399, 1400
1398, 1404, 1405
1403, 1404, 1398
1398, 1405, 1397
1405, 1396, 1397
1406, 1407, 1396
1396, 1407, 1394
1396, 1394, 1395
1396, 1405, 1406
1394, 1408, 1393
1408, 1394, 1407
1408, 1392, 1393
1392, 1409, 1391
1408, 1409, 1392
1408, 1410, 1411
1408, 1411, 1409
1410, 1408, 1407
1406, 1412, 1407
1407, 1412, 1410
1406, 1405, 1413
1412, 1406, 1413
1404, 1414, 1405
1413, 1405, 1414
1414, 1404, 1415
1404, 1416, 1417
1416, 1404, 1403
1404, 1418, 1415
1418, 1404, 1417
1402, 1416, 1403
1402, 1419, 1416
1402, 1401, 1419
1401, 1402, 1400
1401, 1384, 1420
1420, 1419, 1401
1419, 1420, 1421
1416, 1419, 1422
1421, 1422, 1419
1416, 1423, 1417
1423, 1416, 1422
1423, 1418, 1417
1424, 1418, 1425
1426, 1418, 1424
1418, 1423, 1425
1418, 1426, 1415
1426, 1427, 1415
1414, 1415, 1428
1428, 1415, 1427
1429, 1414, 1428
1414, 1430, 1413
1430, 1414, 1429
1430, 1412, 1413
1430, 1431, 1412
1431, 1430, 1429
1432, 1429, 1428
1433, 1431, 1429
1433, 1429, 1432
1427, 1432, 1428
1432, 1427, 1434
1435, 1436, 1427
1434, 1427, 1436
1435, 1427, 1426
1435, 1426, 1437
1437, 1426, 1438
1426, 1424, 1439
1438, 1426, 1439
1440, 1424, 1441
1441, 1424, 1425
1424, 1440, 1439
1442, 1425, 1443
1423, 1443, 1425
1441, 1425, 1442
1443, 1423, 1422
1443, 1444, 1442
1444, 1443, 1445
1443, 1422, 1445
1446, 1447, 1442
1444, 1448, 1442
1442, 1448, 1446
1442, 1447, 1441
1447, 1440, 1441
1449, 1440, 1447
1440, 1449, 1450
1440, 1450, 1438
1440, 1438, 1439
1451, 1438, 1450
1452, 1438, 1451
1438, 1452, 1437
1437, 1453, 1435
1453, 1437, 1454
1437, 1452, 1454
1455, 1435, 1453
1435, 1455, 1436
1436, 1456, 1434
1455, 1456, 1436
1457, 1456, 1455
1458, 1457, 1455
1459, 1455, 1453
1458, 1455, 1460
1455, 1459, 1460
1459, 1453, 1461
1461, 1453, 1454
1452, 1461, 1454
1452, 1462, 1463
1452, 1463, 1461
1462, 1452, 1464
1452, 1451, 1464
1465, 1466, 1451
1450, 1465, 1451
1451, 1466, 1464
1449, 1465, 1450
1467, 1466, 1465
1468, 1465, 1449
1467, 1465, 1468
1466, 1467, 1469
1466, 1469, 1462
1466, 1462, 1464
1462, 1469, 1470
1462, 1471, 1463
1471, 1462, 1472
1462, 1470, 1472
1471, 1473, 1463
1463, 1473, 1461
1473, 1459, 1461
1473, 1474, 1459
1459, 1475, 1460
1474, 1475, 1459
1475, 1458, 1460
1476, 1477, 1475
1475, 1477, 1478
1458, 1475, 1478
1476, 1475, 1474
1473, 1476, 1474
1479, 1476, 1473
1473, 1471, 1479
1480, 1471, 1472
1480, 1479, 1471
1470, 1480, 1472
1481, 1482, 1470
1470, 1482, 1480
1470, 1469, 1481
1469, 1467, 1483
1483, 1481, 1469
1483, 1467, 1484
1467, 1468, 1485
1467, 1485, 1484
1468, 1486, 1485
1449, 1486, 1468
1487, 1485, 1488
1486, 1488, 1485
1485, 1487, 1484
1487, 1483, 1484
1483, 1489, 1490
1481, 1483, 1490
1489, 1483, 1491
1491, 1483, 1487
1481, 1492, 1482
1492, 1481, 1490
1480, 1482, 1493
1494, 1482, 1492
1493, 1482, 1494
1495, 1479, 1480
1480, 1493, 1495
1495, 1496, 1479
1496, 1476, 1479
1477, 1476, 1496
1477, 1496, 1497
1496, 1495, 1497
1498, 1495, 1499
1500, 1495, 1498
1499, 1495, 1493
1501, 1495, 1502
1495, 1501, 1497
1502, 1495, 1500
1503, 1499, 1493
1493, 1494, 1504
1503, 1493, 1504
1494, 1505, 1504
1494, 1492, 1505
1492, 1489, 1505
1489, 1492, 1490
1504, 1505, 1506
1503, 1504, 1507
1507, 1504, 1506
1499, 1503, 1508
1508, 1503, 1507
1498, 1499, 1508
1509, 1500, 1498
1498, 1508, 1510
1509, 1498, 1510
1511, 1512, 1500
1500, 1509, 1511
1500, 1512, 1502
1502, 1512, 1513
1513, 1501, 1502
1497, 1501, 1514
1515, 1501, 1513
1514, 1501, 1515
1477, 1497, 1514
1516, 1477, 1514
1515, 1516, 1514
1515, 1517, 1516
1515, 1518, 1517
1518, 1515, 1519
1515, 1513, 1519
1512, 1520, 1513
1513, 1520, 1519
1512, 1511, 1521
1520, 1512, 1522
1522, 1512, 1521
1523, 1521, 1511
1511, 1509, 1524
1523, 1511, 1524
1509, 1525, 1524
1525, 1509, 1510
1510, 1508, 1526
1527, 1510, 1526
1510, 1527, 1525
1524, 1525, 1528
1525, 1527, 1529
1528, 1525, 1529
1524, 1528, 1530
1530, 1523, 1524
1530, 1531, 1523
1532, 1521, 1523
1523, 1531, 1532
1532, 1522, 1521
1532, 1533, 1522
1522, 1533, 1534
1534, 1520, 1522
1520, 1534, 1535
1518, 1520, 1535
1520, 1518, 1519
1536, 1518, 1537
1517, 1518, 1536
1537, 1518, 1535
1534, 1537, 1535
1537, 1534, 1538
1533, 1538, 1534
1539, 1533, 1540
1541, 1533, 1532
1538, 1533, 1539
1540, 1533, 1542
1533, 1541, 1542
1531, 1541, 1532
1541, 1531, 1543
1543, 1531, 1544
1531, 1530, 1545
1544, 1531, 1545
1530, 1546, 1545
1530, 1528, 1547
1546, 1530, 1547
1547, 1528, 1548
1548, 1528, 1529
1546, 1547, 1549
1547, 1550, 1549
1550, 1547, 1548
1551, 1552, 1546
1551, 1546, 1549
1545, 1546, 1552
1545, 1552, 1544
1544, 1552, 1553
1554, 1543, 1544
1554, 1544, 1553
1543, 1554, 1555
1541, 1543, 1556
1556, 1543, 1555
1541, 1556, 1542
1556, 1540, 1542
1555, 1557, 1556
1540, 1556, 1558
1556, 1557, 1558
1555, 1554, 1559
1555, 1559, 1560
1555, 1560, 1557
1559, 1554, 1561
1562, 1554, 1553
1561, 1554, 1562
1553, 1552, 1563
1563, 1562, 1553
1551, 1563, 1552
1564, 1563, 1551
1565, 1551, 1549
1564, 1551, 1566
1566, 1551, 1565
1565, 1549, 1550
1550, 1567, 1565
1567, 1568, 1565
1568, 1566, 1565
1566, 1569, 1570
1569, 1566, 1568
1564, 1566, 1570
1571, 1563, 1564
1570, 1571, 1564
1563, 1571, 1572
1563, 1572, 1562
1572, 1561, 1562
1573, 1559, 1561
1573, 1561, 1572
1574, 1575, 1559
1560, 1559, 1575
1559, 1573, 1574
1560, 1575, 1576
1557, 1560, 1577
1577, 1560, 1576
1578, 1579, 1575
1575, 1579, 1580
1581, 1575, 1574
1575, 1581, 1578
1576, 1575, 1580
1582, 1581, 1574
1573, 1582, 1574
1572, 1583, 1573
1573, 1583, 1582
1572, 1584, 1585
1583, 1572, 1585
1571, 1584, 1572
1586, 1584, 1571
1586, 1571, 1570
1569, 1586, 1570
1568, 1587, 1569
1569, 1587, 1588
1586, 1569, 1588
1589, 1584, 1586
1589, 1586, 1590
1590, 1586, 1591
1591, 1586, 1588
1584, 1589, 1592
1593, 1584, 1592
1584, 1593, 1585
1593, 1583, 1585
1594, 1583, 1595
1582, 1583, 1594
1593, 1595, 1583
1596, 1581, 1582
1596, 1582, 1594
1581, 1596, 1597
1581, 1597, 1578
1598, 1596, 1594
1596, 1598, 1599
1596, 1599, 1597
1598, 1594, 1595
1600, 1595, 1593
1600, 1601, 1595
1598, 1595, 1602
1595, 1601, 1602
1592, 1600, 1593
1603, 1600, 1592
1589, 1603, 1592
1589, 1590, 1603
1603, 1590, 1604
1604, 1590, 1605
1605, 1590, 1606
1590, 1591, 1606
1591, 1607, 1606
1588, 1607, 1591
1588, 1587, 1608
1607, 1588, 1608
1609, 1607, 1610
1606, 1607, 1611
1607, 1609, 1611
1607, 1612, 1610
1612, 1607, 1608
1605, 1606, 1611
1613, 1605, 1614
1604, 1605, 1613
1614, 1605, 1615
1611, 1615, 1605
1604, 1613, 1616
1603, 1604, 1617
1618, 1617, 1604
1604, 1616, 1618
1601, 1603, 1617
1600, 1603, 1601
1619, 1601, 1617
1619, 1617, 1618
1620, 1619, 1618
1616, 1620, 1618
1613, 1621, 1616
1621, 1620, 1616
1622, 1621, 1613
1622, 1613, 1623
1623, 1613, 1614
1614, 1624, 1625
1626, 1614, 1615
1626, 1624, 1614
1614, 1625, 1623
1609, 1626, 1615
1609, 1615, 1611
1609, 1627, 1628
1628, 1626, 1609
1627, 1609, 1610
1612, 1629, 1610
1610, 1629, 1627
1630, 1627, 1629
1629, 1612, 1631
1631, 1630, 1629
1630, 1631, 1632
1631, 1612, 1633
1631, 1634, 1632
1634, 1631, 1635
1633, 1635, 1631
1612, 1587, 1633
1633, 1636, 1637
1587, 1636, 1633
1635, 1633, 1637
1638, 1635, 1639
1638, 1634, 1635
1639, 1635, 1637
1634, 1638, 1640
1641, 1642, 1638
1640, 1638, 1642
1641, 1638, 1639
1636, 1567, 1639
1636, 1639, 1637
1567, 1641, 1639
1587, 1568, 1636
1636, 1568, 1567
1587, 1612, 1608
1641, 1567, 1643
1567, 1550, 1643
1644, 1641, 1643
1642, 1641, 1645
1641, 1644, 1645
1642, 1646, 1647
1646, 1642, 1648
1642, 1647, 1640
1648, 1642, 1645
1644, 1648, 1645
1529, 1644, 1548
1644, 1550, 1548
1550, 1644, 1643
1648, 1644, 1649
1644, 1529, 1649
1527, 1648, 1649
1650, 1646, 1648
1650, 1648, 1527
1651, 1646, 1652
1646, 1650, 1652
1647, 1646, 1651
1527, 1653, 1650
1654, 1650, 1653
1650, 1654, 1652
1529, 1527, 1649
1653, 1527, 1526
1653, 1508, 1507
1508, 1653, 1526
1507, 1654, 1653
1655, 1654, 1506
1651, 1654, 1655
1506, 1654, 1507
1654, 1651, 1652
1626, 1656, 1624
1656, 1626, 1628
1624, 1656, 1657
1657, 1656, 1658
1624, 1659, 1625
1624, 1657, 1659
1657, 1660, 1659
1661, 1660, 1657
1661, 1657, 1658
1660, 1662, 1659
1659, 1662, 1625
1625, 1662, 1623
1662, 1663, 1664
1662, 1622, 1623
1660, 1663, 1662
1622, 1662, 1664
1665, 1660, 1666
1667, 1660, 1661
1663, 1660, 1665
1660, 1667, 1666
1663, 1668, 1664
1669, 1668, 1663
1669, 1663, 1670
1663, 1665, 1670
1668, 1622, 1664
1622, 1668, 1621
1668, 1669, 1671
1668, 1620, 1621
1620, 1668, 1671
1669, 1672, 1671
1669, 1673, 1674
1673, 1669, 1670
1672, 1669, 1674
1665, 1673, 1670
1665, 1675, 1673
1675, 1665, 1676
1676, 1665, 1666
1666, 1677, 1676
1677, 1666, 1678
1679, 1678, 1666
1666, 1667, 1679
1667, 1680, 1679
1679, 1680, 1681
1681, 1678, 1679
1682, 1677, 1678
1682, 1678, 1681
1683, 1677, 1684
1682, 1685, 1677
1677, 1686, 1676
1686, 1677, 1683
1684, 1677, 1685
1686, 1675, 1676
1687, 1673, 1675
1688, 1675, 1689
1689, 1675, 1686
1675, 1688, 1687
1673, 1690, 1674
1691, 1673, 1687
1690, 1673, 1691
1690, 1672, 1674
1692, 1690, 1693
1672, 1690, 1692
1690, 1691, 1693
1694, 1691, 1695
1693, 1691, 1694
1687, 1695, 1691
1688, 1695, 1687
1695, 1688, 1696
1688, 1697, 1698
1697, 1688, 1689
1696, 1688, 1698
1699, 1689, 1684
1699, 1697, 1689
1684, 1689, 1683
1686, 1683, 1689
1684, 1685, 1700
1699, 1684, 1700
1699, 1701, 1697
1698, 1697, 1702
1697, 1701, 1702
1703, 1704, 1698
1702, 1703, 1698
1698, 1704, 1696
1705, 1706, 1696
1696, 1704, 1705
1696, 1706, 1695
1706, 1694, 1695
1706, 1707, 1694
1708, 1694, 1707
1694, 1708, 1693
1693, 1708, 1692
1708, 1709, 1692
1708, 1707, 1710
1709, 1708, 1710
1707, 1711, 1710
1711, 1707, 1712
1707, 1705, 1712
1705, 1707, 1706
1712, 1705, 1713
1713, 1705, 1704
1713, 1704, 1714
1715, 1704, 1703
1704, 1716, 1714
1716, 1704, 1715
1717, 1718, 1703
1702, 1717, 1703
1715, 1703, 1718
1717, 1702, 1719
1719, 1702, 1701
1718, 1720, 1715
1721, 1715, 1720
1722, 1716, 1715
1722, 1715, 1721
1723, 1714, 1716
1723, 1716, 1722
1714, 1724, 1725
1726, 1714, 1723
1713, 1714, 1727
1727, 1714, 1725
1724, 1714, 1726
1712, 1713, 1728
1713, 1727, 1728
1729, 1712, 1728
1711, 1712, 1729
1727, 1729, 1728
1730, 1729, 1727
1730, 1727, 1725
1725, 1724, 1731
1730, 1725, 1731
1731, 1724, 1732
1733, 1732, 1724
1733, 1724, 1734
1724, 1726, 1734
1726, 1735, 1734
1735, 1726, 1723
1722, 1735, 1723
1736, 1722, 1721
1735, 1722, 1736
1721, 1737, 1736
1721, 1720, 1737
1736, 1737, 1738
1736, 1738, 1739
1735, 1736, 1739
1740, 1734, 1735
1735, 1741, 1740
1741, 1735, 1739
1733, 1734, 1742
1742, 1734, 1740
1743, 1732, 1733
1742, 1743, 1733
1744, 1745, 1732
1732, 1745, 1731
1744, 1732, 1743
1745, 1730, 1731
1730, 1745, 1746
1730, 1747, 1729
1747, 1730, 1746
1747, 1711, 1729
1747, 1748, 1749
1747, 1749, 1750
1711, 1747, 1750
1748, 1747, 1746
1745, 1748, 1746
1744, 1751, 1745
1748, 1745, 1751
1752, 1751, 1744
1743, 1752, 1744
1742, 1753, 1743
1752, 1743, 1753
1742, 1740, 1754
1754, 1753, 1742
1755, 1756, 1740
1740, 1756, 1757
1754, 1740, 1757
1740, 1741, 1755
1757, 1758, 1754
1759, 1753, 1754
1758, 1759, 1754
1753, 1759, 1760
1761, 1753, 1762
1753, 1760, 1762
1753, 1761, 1752
1763, 1751, 1752
1763, 1752, 1761
1751, 1764, 1748
1764, 1751, 1763
1748, 1764, 1749
1765, 1749, 1764
1749, 1766, 1767
1766, 1749, 1765
1750, 1749, 1767
1768, 1764, 1769
1769, 1764, 1763
1764, 1768, 1765
1763, 1770, 1771
1769, 1763, 1771
1770, 1763, 1761
1772, 1770, 1761
1772, 1761, 1762
1760, 1772, 1762
1759, 1773, 1760
1760, 1773, 1772
1773, 1759, 1774
1758, 1774, 1759
1773, 1775, 1772
1775, 1773, 1776
1773, 1774, 1777
1773, 1777, 1776
1775, 1770, 1772
1770, 1775, 1778
1778, 1771, 1770
1779, 1771, 1778
1771, 1779, 1780
1780, 1769, 1771
1780, 1768, 1769
1597, 1768, 1578
1578, 1768, 1781
1768, 1597, 1765
1768, 1780, 1781
1765, 1597, 1782
1766, 1765, 1782
1597, 1599, 1782
1599, 1766, 1782
1783, 1766, 1599
1598, 1783, 1599
1783, 1784, 1766
1783, 1598, 1785
1786, 1783, 1785
1784, 1783, 1786
1598, 1602, 1785
1602, 1786, 1785
1709, 1784, 1786
1787, 1709, 1786
1787, 1786, 1602
1784, 1709, 1788
1766, 1784, 1767
1784, 1750, 1767
1750, 1784, 1788
1692, 1709, 1789
1709, 1787, 1789
1709, 1710, 1788
1601, 1790, 1787
1787, 1790, 1789
1601, 1787, 1602
1790, 1692, 1789
1672, 1692, 1790
1790, 1601, 1619
1619, 1672, 1790
1620, 1672, 1619
1672, 1620, 1671
1710, 1750, 1788
1711, 1750, 1710
1579, 1578, 1781
1780, 1579, 1781
1791, 1580, 1579
1579, 1780, 1791
1780, 1779, 1791
1791, 1792, 1793
1580, 1791, 1793
1779, 1792, 1791
1580, 1794, 1576
1795, 1794, 1580
1795, 1580, 1793
1792, 1795, 1793
1796, 1792, 1779
1792, 1796, 1797
1798, 1792, 1797
1792, 1798, 1799
1795, 1792, 1799
1796, 1779, 1778
1797, 1796, 1800
1775, 1796, 1778
1796, 1775, 1801
1800, 1796, 1801
1800, 1798, 1797
1798, 1802, 1799
1803, 1798, 1804
1802, 1798, 1803
1798, 1800, 1805
1804, 1798, 1805
1802, 1795, 1799
1806, 1794, 1795
1795, 1802, 1806
1794, 1807, 1577
1807, 1794, 1806
1794, 1577, 1576
1802, 1808, 1806
1807, 1806, 1809
1806, 1808, 1809
1802, 1803, 1810
1802, 1810, 1808
1811, 1803, 1804
1803, 1811, 1810
1804, 1812, 1813
1811, 1804, 1814
1814, 1804, 1813
1812, 1804, 1805
1800, 1812, 1805
1812, 1800, 1815
1800, 1801, 1815
1812, 1816, 1817
1816, 1812, 1815
1817, 1813, 1812
1818, 1814, 1813
1818, 1813, 1819
1813, 1817, 1819
1820, 1811, 1814
1818, 1820, 1814
1811, 1821, 1810
1821, 1811, 1822
1811, 1820, 1822
1821, 1823, 1810
1810, 1823, 1808
1808, 1823, 1809
1824, 1809, 1825
1809, 1824, 1807
1825, 1809, 1823
1821, 1826, 1823
1823, 1826, 1825
1827, 1821, 1822
1827, 1826, 1821
1820, 1827, 1822
1827, 1820, 1828
1828, 1820, 1818
1829, 1830, 1818
1818, 1830, 1828
1829, 1818, 1819
1817, 1829, 1819
1816, 1831, 1817
1831, 1829, 1817
1832, 1831, 1816
1832, 1816, 1833
1833, 1816, 1801
1801, 1816, 1815
1834, 1831, 1832
1831, 1835, 1829
1835, 1831, 1836
1831, 1834, 1836
1835, 1830, 1829
1837, 1838, 1830
1837, 1830, 1835
1830, 1838, 1828
1828, 1838, 1839
1827, 1828, 1839
1840, 1841, 1827
1842, 1827, 1841
1826, 1827, 1842
1840, 1827, 1839
1826, 1842, 1843
1826, 1843, 1844
1825, 1826, 1844
1845, 1842, 1846
1846, 1842, 1841
1847, 1842, 1845
1842, 1847, 1843
1841, 1848, 1849
1850, 1841, 1840
1848, 1841, 1850
1846, 1841, 1849
1839, 1851, 1840
1840, 1852, 1850
1852, 1840, 1851
1851, 1839, 1853
1839, 1838, 1853
1854, 1838, 1855
1838, 1837, 1855
1838, 1854, 1853
1854, 1851, 1853
1856, 1851, 1854
1856, 1852, 1851
1857, 1852, 1856
1848, 1852, 1858
1852, 1848, 1850
1858, 1852, 1859
1859, 1852, 1857
1848, 1860, 1849
1861, 1848, 1858
1860, 1848, 1862
1848, 1861, 1862
1860, 1846, 1849
1846, 1860, 1863
1845, 1846, 1864
1864, 1846, 1863
1865, 1845, 1864
1847, 1845, 1865
1866, 1865, 1864
1867, 1866, 1864
1867, 1864, 1863
1860, 1867, 1863
1868, 1860, 1862
1867, 1860, 1868
1869, 1862, 1870
1862, 1869, 1868
1870, 1862, 1861
1871, 1870, 1861
1871, 1861, 1858
1871, 1858, 1859
1872, 1871, 1859
1857, 1872, 1859
1873, 1857, 1874
1874, 1857, 1875
1875, 1857, 1856
1857, 1873, 1872
1876, 1875, 1856
1876, 1856, 1854
1875, 1876, 1877
1874, 1875, 1877
1878, 1879, 1874
1879, 1873, 1874
1878, 1874, 1877
1873, 1879, 1880
1873, 1881, 1882
1881, 1873, 1880
1883, 1873, 1882
1873, 1883, 1872
1883, 1871, 1872
1884, 1870, 1871
1884, 1871, 1883
1870, 1884, 1885
1869, 1870, 1886
1870, 1885, 1886
1884, 1887, 1885
1887, 1884, 1888
1883, 1888, 1884
1888, 1883, 1882
1881, 1888, 1882
1888, 1881, 1889
1890, 1881, 1880
1881, 1890, 1889
1880, 1879, 1891
1890, 1880, 1892
1880, 1891, 1892
1893, 1879, 1878
1879, 1893, 1891
1877, 1894, 1878
1894, 1893, 1878
1877, 1876, 1895
1894, 1877, 1895
1896, 1897, 1894
1894, 1897, 1898
1893, 1894, 1898
1896, 1894, 1895
1899, 1893, 1900
1900, 1893, 1898
1893, 1899, 1891
1891, 1899, 1892
1892, 1899, 1901
1890, 1892, 1901
1890, 1902, 1903
1890, 1903, 1889
1902, 1890, 1904
1890, 1901, 1904
1905, 1888, 1889
1889, 1903, 1905
1887, 1888, 1905
1905, 1906, 1907
1907, 1887, 1905
1906, 1905, 1903
1902, 1906, 1903
1904, 1908, 1902
1908, 1909, 1902
1902, 1909, 1906
1901, 1910, 1904
1911, 1908, 1904
1904, 1910, 1911
1912, 1910, 1901
1901, 1913, 1912
1899, 1913, 1901
1914, 1899, 1900
1899, 1914, 1913
1915, 1900, 1916
1915, 1914, 1900
1898, 1916, 1900
1897, 1916, 1898
1897, 1917, 1916
1917, 1918, 1916
1915, 1916, 1919
1916, 1918, 1919
1920, 1915, 1919
1915, 1921, 1914
1921, 1915, 1922
1915, 1920, 1922
1921, 1923, 1914
1914, 1923, 1913
1913, 1923, 1912
1912, 1923, 1924
1925, 1910, 1912
1925, 1912, 1924
1911, 1910, 1925
1911, 1925, 1926
1908, 1911, 1927
1927, 1911, 1926
1928, 1925, 1929
1928, 1930, 1925
1926, 1925, 1930
1929, 1925, 1924
1924, 1931, 1929
1923, 1931, 1924
1923, 1932, 1931
1923, 1921, 1932
1922, 1932, 1921
1920, 1933, 1922
1932, 1922, 1934
1922, 1933, 1934
1935, 1920, 1936
1936, 1920, 1918
1920, 1935, 1933
1918, 1920, 1919
1937, 1933, 1938
1939, 1933, 1935
1933, 1937, 1934
1938, 1933, 1939
1937, 1932, 1934
1932, 1937, 1940
1931, 1932, 1940
1931, 1941, 1929
1931, 1940, 1942
1941, 1931, 1943
1931, 1942, 1943
1941, 1928, 1929
1928, 1941, 1944
1930, 1928, 1945
1945, 1928, 1944
1946, 1930, 1947
1930, 1945, 1947
1930, 1946, 1948
1930, 1948, 1926
1949, 1945, 1944
1950, 1947, 1945
1951, 1945, 1949
1950, 1945, 1951
1944, 1941, 1949
1941, 1943, 1949
1952, 1953, 1943
1942, 1952, 1943
1949, 1943, 1953
1954, 1952, 1942
1940, 1954, 1942
1954, 1940, 1937
1937, 1938, 1954
1952, 1954, 1955
1954, 1938, 1955
1956, 1952, 1955
1953, 1952, 1957
1952, 1956, 1957
1953, 1958, 1959
1958, 1953, 1957
1953, 1959, 1949
1949, 1959, 1951
1959, 1960, 1951
1951, 1960, 1961
1961, 1950, 1951
1962, 1963, 1950
1963, 1947, 1950
1962, 1950, 1964
1964, 1950, 1961
1947, 1963, 1965
1965, 1946, 1947
1965, 1963, 1966
1966, 1963, 1967
1967, 1963, 1962
1967, 1962, 1968
1964, 1969, 1962
1968, 1962, 1969
1970, 1969, 1964
1964, 1961, 1970
1960, 1971, 1961
1961, 1971, 1970
1972, 1971, 1960
1959, 1972, 1960
1958, 1972, 1959
1958, 1957, 1973
1974, 1972, 1958
1973, 1974, 1958
1957, 1956, 1973
1973, 1956, 1975
1976, 1973, 1975
1974, 1973, 1977
1973, 1976, 1977
1978, 1974, 1977
1972, 1974, 1979
1980, 1979, 1974
1980, 1974, 1978
1971, 1972, 1979
1971, 1979, 1981
1982, 1971, 1981
1983, 1971, 1982
1971, 1983, 1970
1983, 1969, 1970
737, 736, 1969
1969, 1983, 737
1969, 736, 1968
1968, 736, 754
1984, 1967, 1968
1984, 1968, 754
1984, 1966, 1967
753, 1985, 1984
1984, 1985, 1986
1966, 1984, 1986
754, 753, 1984
752, 1985, 753
1987, 1985, 1988
1985, 752, 1989
1988, 1985, 1989
1985, 1987, 1986
1986, 1987, 1990
1966, 1986, 1990
1965, 1966, 1991
1991, 1966, 1990
1987, 1991, 1990
1987, 1988, 1992
1991, 1987, 1992
1988, 1993, 1994
1995, 1988, 1989
1988, 1995, 1993
1992, 1988, 1994
752, 1995, 1989
1995, 752, 756
1995, 755, 1996
1995, 1996, 1997
1995, 1997, 1993
755, 1995, 756
1994, 1993, 1998
1997, 1998, 1993
1998, 1999, 1994
1999, 2000, 1994
1994, 2000, 1992
1992, 2000, 1991
1991, 2000, 1965
2001, 1946, 1965
2000, 2001, 1965
2002, 2001, 2000
1999, 2002, 2000
2003, 1999, 2004
2004, 1999, 1998
2002, 1999, 2005
1999, 2003, 2005
2006, 1998, 2007
1998, 2008, 2004
2009, 1998, 1997
2007, 1998, 2009
2008, 1998, 2006
1997, 1996, 2009
2009, 1996, 2010
755, 773, 1996
1996, 773, 2010
2009, 774, 2011
774, 2009, 2010
2009, 2011, 2007
2011, 2012, 2007
2012, 2006, 2007
2012, 2013, 2006
2013, 2008, 2006
2014, 2008, 2013
2008, 2014, 2015
2008, 2016, 2004
2015, 2016, 2008
2017, 2003, 2004
2004, 2016, 2017
2018, 2016, 2019
2016, 2020, 2021
2020, 2016, 2018
2016, 2021, 2017
2019, 2016, 2015
2015, 2014, 2022
2022, 2019, 2015
2014, 812, 2023
2023, 2022, 2014
812, 2014, 2024
2014, 2013, 2024
2013, 2025, 2024
2025, 2013, 2012
790, 2025, 2012
790, 2012, 2011
774, 790, 2011
773, 774, 2010
790, 789, 2025
789, 809, 2025
2025, 809, 812
2025, 812, 2024
810, 2023, 812
2023, 810, 2026
2022, 2023, 2026
2022, 2027, 2019
2027, 2022, 2026
2018, 2019, 2028
2028, 2019, 2027
2018, 2029, 2030
2029, 2018, 2028
2020, 2018, 2030
2031, 2020, 2030
2021, 2020, 2031
2032, 2003, 2021
2021, 2003, 2017
2033, 2021, 2031
2033, 2032, 2021
2034, 2033, 2031
2035, 2031, 2030
2031, 2035, 2034
2030, 2029, 2036
2030, 2036, 2035
2036, 2029, 2037
2029, 2038, 2037
2039, 2038, 2029
2039, 2029, 2028
2027, 2039, 2028
2026, 2040, 2027
2027, 2040, 2039
810, 2040, 2026
810, 811, 2041
2040, 810, 2042
2042, 810, 2041
2039, 2040, 2043
2040, 2042, 2044
2040, 2044, 2043
2045, 2039, 2043
2045, 2038, 2039
2046, 2038, 2047
2048, 2038, 2045
2047, 2038, 2048
2049, 2038, 2046
2038, 2049, 2037
2049, 2036, 2037
2050, 2036, 2049
2051, 2035, 2036
2050, 2051, 2036
2051, 2034, 2035
2051, 2052, 2053
2034, 2051, 2053
2052, 2051, 2050
2050, 2049, 2054
2055, 2052, 2050
2055, 2050, 2054
2049, 2046, 2054
2056, 2046, 2047
2046, 2056, 2057
2046, 2058, 2054
2046, 2057, 2058
2048, 2059, 2047
2059, 2056, 2047
2059, 2048, 2060
2060, 2048, 2061
2061, 2048, 2045
2045, 2044, 2061
2044, 2045, 2043
2062, 2061, 2044
2042, 2062, 2044
2061, 2062, 2063
2060, 2061, 2064
2064, 2061, 2063
2059, 2060, 2064
2065, 2056, 2059
2065, 2059, 2066
2059, 2064, 2066
2056, 2065, 2067
2057, 2056, 2067
2058, 2057, 2068
2057, 2067, 2069
2068, 2057, 2070
2057, 2069, 2070
2071, 2058, 2068
2055, 2058, 2071
2054, 2058, 2055
2072, 2055, 2073
2055, 2071, 2073
2072, 2052, 2055
2074, 2071, 2075
2071, 2068, 2075
2071, 2074, 2073
2076, 2068, 2077
2077, 2068, 2070
2075, 2068, 2076
2070, 2069, 2078
2070, 2078, 2077
2069, 2079, 2080
2067, 2079, 2069
2069, 2080, 2078
2079, 2067, 2081
2067, 2065, 2081
2082, 2079, 2081
2079, 2083, 2080
2083, 2079, 2084
2079, 2082, 2084
2080, 2085, 2078
2080, 2083, 2086
2085, 2080, 2087
2080, 2086, 2087
2085, 2088, 2078
2078, 2088, 2077
2088, 2076, 2077
2089, 2076, 2088
2090, 2076, 2091
2092, 2076, 2090
2076, 2092, 2075
2076, 2089, 2091
2075, 2092, 2074
2090, 2093, 2092
2094, 2095, 2092
2093, 2094, 2092
2092, 2095, 2074
2096, 2090, 2091
2090, 2097, 2093
2090, 2096, 2097
2089, 2096, 2091
2089, 2085, 2098
2098, 2099, 2089
2085, 2089, 2088
2096, 2089, 2099
2098, 2085, 2087
2087, 2086, 2100
2098, 2087, 2100
2100, 2086, 2101
2102, 2086, 2103
2086, 2102, 2101
2103, 2086, 2083
2104, 2098, 2100
2104, 2100, 2101
2099, 2098, 2105
2098, 2104, 2105
2106, 2099, 2105
2099, 2106, 2096
2107, 2096, 2108
2096, 2107, 2097
2096, 2106, 2108
2107, 2109, 2097
2097, 2109, 2110
2093, 2097, 2110
2111, 2094, 2093
2111, 2093, 2110
2094, 2111, 2112
2094, 2112, 2095
2113, 2074, 2095
2112, 2114, 2095
2114, 2113, 2095
2115, 2112, 2111
2116, 2112, 2115
2117, 2114, 2112
2116, 2117, 2112
2109, 2111, 2110
2115, 2111, 2118
2111, 2109, 2118
2119, 2109, 2120
2120, 2109, 2107
2109, 2119, 2118
2121, 2107, 2122
2120, 2107, 2121
2122, 2107, 2108
2106, 2122, 2108
2106, 2123, 2122
2124, 2121, 2122
2122, 2123, 2124
2121, 1410, 2120
2124, 1410, 2121
2120, 1410, 2125
2119, 2120, 2125
2115, 2119, 2126
2119, 2115, 2118
2119, 2125, 2126
2127, 2116, 2115
2128, 2115, 2126
2115, 2128, 2127
2117, 2116, 2129
2130, 2116, 2127
2116, 2130, 2131
2129, 2116, 2131
2129, 2114, 2117
2129, 2132, 2133
2132, 2129, 2131
2114, 2129, 2134
2129, 2133, 2134
2130, 2132, 2131
2130, 2135, 2136
2130, 2128, 2137
2135, 2130, 2137
2128, 2130, 2127
2132, 2130, 2136
2125, 2128, 2126
2138, 2137, 2128
2128, 2125, 2138
2125, 1410, 1412
2125, 1412, 2139
2125, 2139, 2138
1410, 2123, 1411
2123, 1410, 2124
2106, 2140, 2123
1411, 2123, 2140
1411, 2140, 1409
2140, 2141, 2142
2140, 2106, 2141
1409, 2140, 1391
2142, 1391, 2140
2106, 2105, 2141
2141, 2105, 2104
2141, 2104, 2142
2143, 1391, 2142
2104, 2143, 2142
2144, 1391, 2145
1357, 1391, 2144
2145, 1391, 2143
2102, 2143, 2101
2101, 2143, 2104
2143, 2102, 2145
2146, 2144, 2145
2145, 2102, 2146
2144, 2146, 1336
2144, 1336, 1337
1337, 1357, 2144
2146, 2147, 2148
2149, 2146, 2150
2150, 2146, 2148
2102, 2151, 2146
2146, 2151, 2147
1336, 2146, 2149
2102, 2103, 2151
2151, 2152, 2147
2151, 2103, 2153
2151, 2153, 2152
2147, 2152, 2154
2148, 2147, 2154
2154, 2155, 2148
2148, 2155, 2150
2150, 2155, 2156
2149, 2150, 2157
2150, 2156, 2157
2149, 1315, 1336
2149, 2158, 2159
2159, 1315, 2149
2157, 2158, 2149
2160, 2158, 2157
2156, 2160, 2157
2155, 2160, 2156
2161, 2160, 2155
2161, 2155, 2162
2155, 2154, 2162
2163, 2164, 2154
2163, 2154, 2165
2154, 2164, 2162
2165, 2154, 2152
2166, 2152, 2153
2152, 2166, 2165
2167, 2153, 2168
2153, 2103, 2168
2166, 2153, 2167
2103, 2083, 2168
2083, 2167, 2168
2167, 2083, 2084
2082, 2167, 2084
2167, 2169, 2166
2169, 2167, 2170
2170, 2167, 2082
2171, 2166, 2172
2166, 2171, 2165
2166, 2169, 2172
2173, 2163, 2165
2165, 2171, 2173
2163, 2174, 2164
2173, 2174, 2163
2174, 2175, 2164
2164, 2175, 2161
2164, 2161, 2162
2161, 2176, 2177
2161, 2175, 2176
2177, 2160, 2161
2178, 2175, 2174
2178, 2179, 2175
2175, 2179, 2176
2178, 2174, 2180
2174, 2173, 2180
2173, 2181, 2180
2171, 2181, 2173
2182, 2181, 2171
2183, 2182, 2171
2172, 2183, 2171
2184, 2183, 2172
2169, 2184, 2172
2169, 2185, 2186
2169, 2186, 2184
2185, 2169, 2170
2065, 2185, 2170
2082, 2065, 2170
2081, 2065, 2082
2185, 2065, 2066
2187, 2185, 2064
2186, 2185, 2187
2064, 2185, 2066
2186, 2187, 2188
2189, 2186, 2190
2186, 2189, 2184
2186, 2188, 2190
2189, 2183, 2184
2183, 2191, 2182
2191, 2183, 2192
2183, 2189, 2192
2193, 2182, 2191
2181, 2182, 2193
2191, 851, 2193
2191, 2192, 2194
2194, 851, 2191
2192, 2189, 2194
2195, 2189, 2190
2194, 2189, 2196
2196, 2189, 2195
2188, 2195, 2190
2062, 2188, 2063
2188, 2187, 2064
2188, 2062, 2197
2195, 2188, 2197
2188, 2064, 2063
2195, 2198, 850
850, 2196, 2195
2197, 2198, 2195
850, 2194, 2196
849, 851, 2194
2194, 850, 849
2193, 851, 2199
2199, 851, 866
2181, 2193, 2200
2200, 2193, 2199
866, 2201, 2199
2201, 2200, 2199
2201, 866, 2202
2202, 866, 865
2201, 2202, 2203
2201, 2203, 2204
2201, 2204, 2200
2204, 2181, 2200
2205, 2181, 2204
2205, 2180, 2181
2203, 2206, 2204
2204, 2206, 2205
2207, 2206, 2203
2203, 2202, 2208
2208, 2207, 2203
2202, 865, 2209
2208, 2202, 2209
2209, 865, 867
2209, 867, 2210
2209, 2211, 2212
2208, 2209, 2212
2211, 2209, 2210
2208, 2213, 2207
2208, 2214, 2215
2214, 2208, 2212
2213, 2208, 2215
2213, 2206, 2207
2216, 2206, 2213
2206, 2216, 2217
2205, 2206, 2218
2206, 2217, 2218
2178, 2180, 2205
2178, 2205, 2218
2218, 2219, 2178
2217, 2219, 2218
2216, 2220, 2217
2220, 2219, 2217
2221, 2220, 2216
2222, 2216, 2213
2222, 2221, 2216
2222, 2213, 2215
2214, 2223, 2215
2215, 2223, 2224
2222, 2215, 2224
2214, 2211, 2225
2211, 2214, 2212
2214, 2225, 2223
2211, 2226, 2225
2211, 869, 2227
2226, 2211, 2227
869, 2211, 2210
867, 869, 2210
869, 886, 2227
886, 2226, 2227
2226, 908, 2228
2229, 2226, 2228
2225, 2226, 2229
2226, 886, 2230
908, 2226, 2230
2223, 2225, 2229
2231, 2232, 2223
2223, 2233, 2224
2232, 2233, 2223
2231, 2223, 2229
2233, 2222, 2224
2222, 2234, 2221
2222, 2233, 2235
2234, 2222, 2235
2234, 2220, 2221
2235, 1116, 2234
2236, 2234, 1116
2237, 2234, 2236
2220, 2234, 2237
2233, 1094, 2235
2235, 1094, 1116
1094, 2233, 2232
2232, 2231, 2238
2238, 1094, 2232
2238, 2231, 2239
2239, 2231, 2240
2229, 2240, 2231
2240, 2229, 2228
908, 2240, 2228
909, 2241, 908
908, 2241, 2242
908, 2242, 2240
888, 908, 2230
886, 888, 2230
2242, 2239, 2240
1076, 2239, 2243
1075, 2239, 1076
2243, 2239, 2242
2239, 1075, 2238
1075, 1094, 2238
1116, 1094, 1095
1116, 1118, 2236
2236, 1117, 2244
1118, 1117, 2236
2236, 2245, 2237
2245, 2236, 2244
2245, 2220, 2237
2246, 2245, 2247
2245, 2246, 2248
2245, 2249, 2247
2245, 2248, 2220
2249, 2245, 2244
1117, 2249, 2244
2249, 1117, 1135
2249, 1135, 2250
2249, 2250, 2247
2247, 2250, 2251
2251, 2246, 2247
2179, 2246, 2251
2248, 2246, 2252
2246, 2179, 2252
2220, 2248, 2219
2219, 2248, 2252
2252, 2178, 2219
2179, 2178, 2252
2253, 2179, 2251
2179, 2253, 2254
2176, 2179, 2254
2253, 2251, 2255
2255, 2251, 2250
2255, 2250, 2256
2256, 2250, 1134
1135, 1134, 2250
2255, 2257, 2258
2259, 2253, 2255
2255, 2258, 2259
2257, 2255, 2256
2254, 2253, 2260
2260, 2253, 2259
2176, 2254, 2261
2254, 2260, 2261
2176, 2261, 2177
2260, 2262, 2261
2261, 2262, 2177
2260, 2263, 2262
2263, 2260, 2259
2258, 2263, 2259
2257, 2263, 2258
2264, 2263, 2257
1154, 2257, 1137
1154, 2264, 2257
2256, 1137, 2257
1134, 1137, 2256
1154, 2265, 2264
2265, 2263, 2264
2266, 2262, 2263
2263, 2265, 2266
2262, 2160, 2177
2262, 2267, 2160
2262, 2266, 2268
2267, 2262, 2268
2265, 2269, 2266
2269, 2270, 2266
2266, 2270, 2271
2268, 2266, 2271
2272, 2269, 2265
2265, 1154, 2272
2272, 1154, 1153
2269, 2272, 2273
2272, 1153, 2273
2269, 2274, 2270
2275, 2269, 2273
2274, 2269, 2275
2271, 2270, 2276
2270, 2274, 2276
2268, 2271, 2276
2158, 2267, 2268
2276, 2158, 2268
2158, 2160, 2267
2158, 2276, 2159
2159, 2276, 2277
2276, 2274, 2277
2274, 2275, 1176
2274, 1176, 2278
2277, 2274, 2278
2275, 2273, 1155
1176, 2275, 1155
2273, 1153, 1155
2278, 1176, 2279
1176, 1177, 2279
2280, 2277, 2278
2281, 2278, 2279
2281, 2280, 2278
2277, 2282, 2283
2282, 2277, 2280
2159, 2277, 2283
2283, 1315, 2159
2283, 2282, 1314
1314, 1315, 2283
2282, 2280, 2284
2284, 1314, 2282
2280, 2281, 2284
2285, 2281, 2286
2281, 2285, 2287
2286, 2281, 1177
2284, 2281, 2287
1177, 2281, 2279
1177, 1175, 2286
1175, 2285, 2286
2285, 1206, 2288
2285, 2288, 2287
1175, 1206, 2285
2288, 2284, 2287
2288, 2289, 2284
2289, 1314, 2284
2289, 1282, 1314
2290, 2289, 2288
1282, 2289, 2290
2288, 1207, 2290
2288, 1206, 1207
2291, 1282, 2290
2290, 1207, 2291
1280, 1282, 2291
1207, 1227, 2291
2291, 1227, 1280
1281, 1280, 1228
1280, 1227, 1228
1228, 1248, 1281
1248, 1249, 1281
2241, 2243, 2242
2241, 909, 912
951, 2241, 912
951, 2243, 2241
2292, 2243, 951
1076, 2243, 1077
2243, 2292, 1077
2292, 951, 953
1077, 2292, 1078
954, 2292, 953
2292, 954, 1078
954, 974, 1078
850, 2198, 848
2041, 2198, 2293
2198, 2062, 2293
848, 2198, 2294
2294, 2198, 2041
2062, 2198, 2197
2294, 811, 848
2041, 811, 2294
2041, 2293, 2042
2293, 2062, 2042
2295, 2137, 2138
2138, 2139, 2295
2295, 2139, 2296
2135, 2137, 2295
2297, 2135, 2295
2295, 2296, 2297
1412, 1431, 2139
2139, 2298, 2296
2139, 1431, 2298
2298, 2299, 2296
2296, 2299, 2297
2300, 2135, 2297
2299, 2300, 2297
2135, 2300, 2301
2301, 2302, 2135
2135, 2302, 2136
2300, 2299, 2303
2303, 2304, 2300
2300, 2304, 2305
2301, 2300, 2305
2303, 2299, 2306
1433, 2299, 2298
2306, 2299, 2307
2299, 1433, 2307
1431, 1433, 2298
1433, 1434, 2307
1433, 1432, 1434
1434, 2306, 2307
1456, 2306, 1434
2308, 2303, 2306
2306, 1456, 2308
2304, 2303, 2308
2304, 2309, 2305
2310, 2309, 2304
2311, 2304, 2312
2310, 2304, 2311
2304, 2308, 2312
2313, 2301, 2305
2313, 2305, 2309
2314, 2309, 2315
2309, 2314, 2313
2315, 2309, 2310
2315, 2310, 2316
2316, 2310, 2311
1458, 2311, 2312
1478, 2316, 2311
2311, 1458, 1478
2308, 1458, 2312
2308, 1456, 1457
1458, 2308, 1457
1478, 1477, 2316
2316, 1477, 2317
2317, 2315, 2316
2314, 2315, 2318
2315, 2317, 2318
1517, 2319, 2314
2314, 2320, 2321
2314, 2319, 2320
1517, 2314, 2318
2313, 2314, 2321
2322, 2301, 2313
2321, 2322, 2313
2323, 2321, 2324
2321, 2323, 2322
2324, 2321, 2320
2320, 2319, 2325
2325, 2324, 2320
2319, 2326, 2327
2326, 2319, 1536
2319, 2327, 2325
1536, 2319, 1517
2317, 1517, 2318
1516, 1517, 2317
2317, 1477, 1516
2326, 1536, 1537
2326, 1538, 2328
1538, 2326, 1537
2328, 2327, 2326
2327, 2328, 2329
2330, 2327, 2329
2327, 2330, 2325
2325, 2330, 2331
2324, 2325, 2331
1847, 1865, 2324
1865, 2323, 2324
1847, 2324, 2331
2323, 2332, 2322
1866, 2332, 2323
2323, 1865, 1866
2322, 2332, 2301
2301, 2332, 2333
2333, 2302, 2301
2334, 2332, 1866
2332, 2335, 2336
2335, 2332, 2334
2333, 2332, 2336
1867, 2334, 1866
2334, 2337, 2335
1867, 2337, 2334
2336, 2335, 2338
2337, 2339, 2335
2339, 2338, 2335
2338, 2340, 2336
2336, 2340, 2333
2333, 2340, 2341
2341, 2302, 2333
2342, 2302, 2341
2132, 2302, 2342
2302, 2132, 2136
2343, 2342, 2341
2341, 2340, 2343
2343, 2340, 2344
2340, 2345, 2346
2338, 2345, 2340
2344, 2340, 2346
2339, 2345, 2338
2339, 2337, 1869
2339, 1869, 2347
2345, 2339, 2347
1867, 1868, 2337
1869, 2337, 1868
2347, 1869, 1886
2347, 1885, 2348
2349, 2347, 2348
2347, 2349, 2345
1885, 2347, 1886
2349, 2350, 2345
2345, 2350, 2346
2346, 2350, 2351
2344, 2346, 2351
2352, 2343, 2344
2344, 2353, 2352
2353, 2344, 2351
2352, 2354, 2343
2343, 2354, 2342
2342, 2354, 2132
2133, 2132, 2354
2133, 2354, 2352
2355, 2352, 2353
2352, 2355, 2133
2356, 2353, 2351
2356, 2355, 2353
2351, 2350, 2357
2356, 2351, 2357
2350, 2349, 2358
2359, 2350, 2358
2350, 2359, 2357
2358, 2349, 2360
2360, 2349, 2348
1885, 1887, 2348
2360, 2348, 2361
2348, 1887, 2361
1907, 2360, 2361
2360, 2362, 2363
2360, 2364, 2358
1907, 2362, 2360
2363, 2364, 2360
2358, 2364, 2359
2365, 2356, 2359
2365, 2359, 2364
2359, 2356, 2357
2365, 2366, 2356
2356, 2366, 2355
2355, 2366, 2367
2355, 2367, 2368
2355, 2368, 2133
2133, 2368, 2134
2368, 2367, 2369
2368, 2114, 2134
2114, 2368, 2369
2370, 2367, 2371
2369, 2367, 2372
2367, 2370, 2372
2371, 2367, 2366
2371, 2366, 2373
2366, 2365, 2373
2365, 2364, 2374
2375, 2365, 2374
2365, 2375, 2373
2364, 2376, 2374
2376, 2364, 2363
2377, 2376, 2363
2363, 2362, 2377
2378, 2376, 2377
2376, 2379, 2380
2376, 2378, 2379
2374, 2376, 2380
2374, 2380, 2375
2375, 2381, 2382
2375, 2380, 2381
2375, 2371, 2373
2383, 2371, 2375
2382, 2383, 2375
2383, 2370, 2371
2384, 2370, 2385
2385, 2370, 2383
2370, 2384, 2372
2384, 2369, 2372
2114, 2369, 2113
2113, 2369, 2384
2384, 2072, 2113
2072, 2384, 2385
2072, 2385, 2052
2385, 2383, 2052
2386, 2383, 2382
2053, 2052, 2383
2383, 2386, 2053
2382, 2381, 2387
2387, 2386, 2382
2388, 2381, 2379
2381, 2389, 2387
2381, 2388, 2389
2379, 2381, 2380
2378, 2388, 2379
2388, 2378, 2390
2378, 2391, 2390
2391, 2378, 2377
2362, 2391, 2377
2391, 2392, 2390
2391, 2362, 2393
2393, 2392, 2391
2390, 2392, 2394
2395, 2390, 2394
2390, 2395, 2388
2388, 2395, 2389
2396, 2033, 2389
2389, 2395, 2397
2387, 2389, 2033
2396, 2389, 2397
2387, 2398, 2386
2033, 2398, 2387
2398, 2034, 2386
2386, 2034, 2053
2033, 2034, 2398
2032, 2033, 2396
2003, 2032, 2396
2003, 2396, 2005
2005, 2396, 2397
2397, 2395, 2005
2005, 2395, 2002
2394, 2002, 2395
2399, 2002, 2394
2392, 2399, 2394
2399, 2392, 2400
2400, 2392, 2393
2393, 2362, 1906
2393, 1906, 1909
2393, 1909, 2400
1906, 2362, 1907
1887, 1907, 2361
1909, 1908, 2400
2400, 1908, 2401
2402, 2400, 2401
2399, 2400, 2402
2002, 2399, 2403
2399, 2404, 2403
2404, 2399, 2402
2403, 2001, 2002
2404, 2001, 2403
2001, 2404, 1946
1948, 2404, 2402
1948, 1946, 2404
1948, 2402, 2401
2401, 1908, 1927
1927, 1948, 2401
1948, 1927, 1926
2072, 2074, 2113
2074, 2072, 2073
2330, 1847, 2331
1844, 1843, 2330
1847, 2330, 1843
2330, 2329, 1844
2329, 1825, 1844
2329, 1824, 1825
2328, 1824, 2329
1807, 1824, 2405
2405, 1824, 1539
1824, 2328, 1539
2328, 1538, 1539
1539, 1540, 2405
2405, 1540, 2406
1807, 2405, 2406
1577, 1807, 2406
1557, 1577, 2406
1557, 2406, 1558
2406, 1540, 1558
737, 1983, 720
2407, 720, 1983
1982, 2407, 1983
2407, 2408, 720
720, 2408, 718
2409, 2407, 2410
2407, 1982, 2410
2408, 2407, 2409
1981, 2411, 1982
1982, 2411, 2410
2411, 2412, 2410
2410, 2412, 2409
2413, 2409, 2414
2413, 2408, 2409
2414, 2409, 2412
2408, 2413, 2415
2408, 2415, 718
718, 2416, 701
2416, 718, 2415
2413, 2416, 2415
2416, 2413, 2417
2418, 2413, 2414
2413, 2418, 2417
2419, 2418, 2414
2412, 2419, 2414
2412, 2411, 2420
2412, 2420, 2421
2412, 2421, 2422
2412, 2422, 2419
2411, 1981, 2423
2420, 2411, 2423
1981, 1979, 1980
2423, 1981, 1980
2423, 1980, 1978
2423, 2424, 2420
2424, 2423, 1978
2425, 2420, 2424
2421, 2420, 2426
2427, 2420, 2425
2420, 2427, 2426
2422, 2421, 2426
2428, 2429, 2422
2429, 2430, 2422
2426, 2428, 2422
2422, 2430, 2419
2430, 2418, 2419
2418, 2431, 2417
2431, 2418, 2432
2418, 2430, 2433
2418, 2433, 2432
2431, 2416, 2417
683, 2431, 2434
682, 2431, 683
2416, 2431, 702
702, 2431, 682
2434, 2431, 2432
2433, 2434, 2432
2430, 2429, 2433
2433, 2429, 2435
2433, 2436, 2434
2436, 2433, 2435
2429, 2428, 2435
2428, 2436, 2435
2428, 659, 2436
2437, 659, 2428
2427, 2428, 2426
2438, 2437, 2428
2428, 2427, 2438
2427, 2425, 2439
2427, 2439, 2438
2440, 2441, 2438
2438, 2439, 2440
2441, 2437, 2438
2442, 659, 2437
2437, 2443, 2444
2443, 2437, 2441
2442, 2437, 2444
641, 659, 2442
2436, 659, 660
661, 663, 2436
2434, 2436, 663
661, 2436, 660
681, 683, 2434
2434, 663, 681
641, 2442, 2445
2442, 2444, 2446
2446, 2445, 2442
2444, 2447, 2448
2444, 2443, 2447
2446, 2444, 2448
2449, 2450, 2443
2440, 2449, 2443
2440, 2443, 2441
2447, 2443, 2450
2449, 2440, 2439
2425, 2451, 2439
2449, 2439, 2452
2452, 2439, 2451
2453, 2449, 2452
2454, 2450, 2449
2449, 2453, 2454
2455, 2450, 2454
2450, 2456, 2447
2450, 2455, 2456
2447, 2457, 2448
2447, 2458, 2457
2456, 2458, 2447
2448, 2457, 2446
2459, 2445, 2446
2446, 2460, 2459
2446, 2457, 2460
2461, 2460, 2457
2461, 2457, 2458
2455, 2462, 2458
2458, 2462, 2463
2455, 2458, 2456
2461, 2458, 2463
2453, 2464, 2455
2464, 2462, 2455
2453, 2455, 2454
2464, 2453, 2465
2465, 2453, 2466
2452, 2466, 2453
2466, 2452, 2467
2452, 2451, 2467
2466, 2468, 2469
2468, 2466, 2467
2469, 2465, 2466
2470, 2471, 2465
2465, 2471, 2464
2470, 2465, 2469
2472, 2464, 2471
2464, 2472, 2462
2473, 2462, 2472
2474, 2462, 2475
2462, 2473, 2475
2463, 2462, 2474
2474, 2476, 2463
2476, 2461, 2463
2460, 2461, 2477
2478, 2477, 2461
2478, 2461, 2476
2479, 2480, 2476
2481, 2476, 2480
2476, 2474, 2479
2478, 2476, 2481
2482, 2474, 2475
2482, 2479, 2474
2482, 2475, 2483
2483, 2475, 2473
2473, 2471, 2483
2473, 2472, 2471
2470, 2484, 2471
2483, 2471, 2484
2485, 2470, 2486
2486, 2470, 2469
2484, 2470, 2485
2469, 2468, 2486
2486, 2487, 2488
2486, 2468, 2487
2486, 2488, 2485
2485, 2488, 2489
2485, 2489, 2490
2484, 2485, 2491
2491, 2485, 2490
2491, 2483, 2484
2492, 2482, 2483
2493, 2483, 2494
2493, 2492, 2483
2494, 2483, 2491
2495, 2479, 2482
2482, 2492, 2495
2480, 2479, 2495
2480, 2496, 2481
2497, 2496, 2480
2497, 2480, 2498
2480, 2495, 2498
2496, 2499, 2481
2499, 2478, 2481
2499, 2477, 2478
2500, 2501, 2499
2499, 2496, 2500
2499, 2501, 2477
2500, 2496, 2497
2502, 2503, 2497
2504, 2502, 2497
2504, 2497, 2498
2500, 2497, 2505
2497, 2503, 2505
2495, 2504, 2498
2506, 2504, 2495
2492, 2506, 2495
2507, 2502, 2504
2506, 2507, 2504
2508, 2502, 2509
2509, 2502, 2507
2503, 2502, 2508
2503, 2508, 2510
2503, 2511, 2505
2511, 2503, 2510
2511, 2500, 2505
2501, 2500, 2511
2511, 2512, 2501
2477, 2501, 2512
2477, 2512, 2513
2460, 2477, 2513
2514, 2512, 2511
2515, 2512, 2514
2512, 2515, 2516
2513, 2512, 2516
2510, 2517, 2511
2511, 2517, 2514
2518, 2510, 2508
2517, 2510, 2519
2519, 2510, 2518
2508, 2509, 2520
2518, 2508, 2520
2520, 2509, 2521
2522, 2521, 2509
2509, 2507, 2522
2507, 2523, 2524
2507, 2506, 2523
2507, 2524, 2522
2492, 2523, 2506
2523, 2492, 2524
2524, 2525, 2522
2524, 2492, 2526
2526, 2525, 2524
2525, 2521, 2522
2521, 2525, 2527
2520, 2521, 2528
2521, 2529, 2528
2529, 2521, 2530
2521, 2527, 2530
2531, 2520, 2528
2520, 2531, 2518
2519, 2518, 2532
2531, 2533, 2518
2518, 2533, 2532
2534, 2519, 2535
2517, 2519, 2534
2532, 2535, 2519
2536, 2517, 2534
2517, 2536, 2514
2537, 2536, 2534
2535, 2537, 2534
2538, 2537, 2535
2535, 2532, 2539
2538, 2535, 2539
2532, 2540, 2539
2533, 2540, 2532
2541, 2533, 2542
2531, 2542, 2533
2533, 2541, 2540
2529, 2542, 2531
2529, 2531, 2528
2543, 2529, 2530
2529, 2543, 2542
2530, 2527, 2544
2543, 2530, 2544
2527, 2525, 2545
2546, 2544, 2527
2527, 2545, 2546
2547, 2544, 2546
2548, 2547, 2546
2545, 2548, 2546
2525, 2549, 2545
2549, 2548, 2545
2550, 2548, 2551
2549, 2552, 2548
2547, 2548, 2550
2548, 2552, 2553
2551, 2548, 2553
2525, 2526, 2549
2549, 2526, 2552
2552, 2526, 2554
2554, 2553, 2552
2553, 2555, 2556
2555, 2553, 2554
2551, 2553, 2556
2493, 2555, 2554
2554, 2526, 2492
2493, 2554, 2492
2557, 2555, 2493
2555, 2558, 2559
2558, 2555, 2560
2556, 2555, 2559
2555, 2557, 2560
2561, 2557, 2493
2493, 2494, 2561
2557, 2562, 2563
2564, 2557, 2561
2557, 2564, 2562
2557, 2563, 2560
2563, 2558, 2560
2563, 2565, 2558
2562, 2565, 2563
2566, 2565, 2562
2562, 2564, 2567
2566, 2562, 2567
2567, 2564, 2568
2564, 2569, 2568
2569, 2564, 2561
2494, 2569, 2561
2570, 2494, 2491
2494, 2570, 2569
2569, 2570, 2571
2568, 2569, 2571
2572, 2567, 2568
2571, 2572, 2568
2572, 2566, 2567
2566, 2573, 2574
2574, 2565, 2566
2573, 2566, 2572
2575, 2565, 2574
2573, 2576, 2574
2574, 2576, 2575
2577, 2576, 2573
2577, 2573, 2578
2578, 2573, 2572
2572, 2571, 2578
2571, 2570, 2579
2578, 2571, 2579
2490, 2570, 2491
2579, 2570, 2490
2490, 2580, 2579
2578, 2579, 2581
2581, 2579, 2580
2577, 2578, 2581
2582, 2577, 2581
2582, 2576, 2577
2583, 2576, 2582
2575, 2576, 2584
2584, 2576, 2583
1756, 2583, 2582
2581, 1756, 2582
2580, 1756, 2581
2585, 2580, 2586
1757, 1756, 2580
2580, 2585, 1757
2580, 2490, 2586
2587, 2588, 2490
2587, 2490, 2489
2490, 2588, 2589
2490, 2589, 2586
2589, 2585, 2586
2585, 2589, 2590
2590, 1758, 2585
2585, 1758, 1757
2590, 2589, 2588
2588, 2587, 2591
2588, 2592, 2590
2592, 2588, 2591
2593, 1935, 2587
2594, 2587, 2489
2593, 2587, 2594
2587, 1935, 1936
2587, 2595, 2591
1936, 2595, 2587
2489, 2596, 2594
2488, 2597, 2489
2489, 2597, 2596
2596, 2598, 2594
2598, 2593, 2594
1935, 2593, 1939
2593, 2598, 1939
2599, 1938, 2598
2598, 1938, 1939
2598, 2596, 2599
2600, 2596, 2597
2596, 2600, 2599
2601, 2600, 2597
2488, 2601, 2597
2487, 2601, 2488
2602, 2601, 2487
2600, 2601, 2603
2602, 2603, 2601
2604, 2600, 2603
2600, 2604, 2605
2606, 2600, 2605
2600, 2606, 2599
2606, 1938, 2599
1955, 1938, 2606
2606, 1956, 1955
1956, 2606, 2605
2604, 1956, 2605
2604, 2603, 2607
1956, 2604, 1975
2604, 1976, 1975
1976, 2604, 2608
2604, 2607, 2608
2603, 2602, 2607
2602, 2468, 2609
2602, 2610, 2607
2468, 2602, 2487
2610, 2602, 2609
2607, 2610, 2608
2608, 2424, 1976
2610, 2424, 2608
1976, 1978, 1977
1978, 1976, 2424
2424, 2610, 2425
2610, 2451, 2425
2451, 2610, 2609
2468, 2451, 2609
2451, 2468, 2467
2592, 2595, 2611
2612, 2595, 2613
2613, 2595, 1936
2611, 2595, 2612
2595, 2592, 2591
2611, 2614, 2592
2592, 2614, 2590
2611, 2612, 2615
2616, 2614, 2611
2615, 2616, 2611
1918, 2612, 2613
2615, 2612, 2617
2612, 1918, 1917
2617, 2612, 1917
1936, 1918, 2613
1917, 1897, 2617
1897, 1896, 2617
2617, 1896, 2615
1896, 2618, 2615
2618, 2619, 2615
2615, 2619, 2616
2616, 2619, 2620
2616, 2620, 2614
2614, 2620, 1834
2614, 1834, 1758
2614, 1758, 2590
2619, 1836, 2620
2620, 1836, 1834
2618, 1835, 2619
2619, 1835, 1836
2621, 2618, 1896
2621, 1837, 2618
2618, 1837, 1835
2621, 1896, 1876
1876, 1896, 1895
2621, 1876, 1855
1837, 2621, 1855
1855, 1876, 1854
1834, 1832, 2622
1758, 1834, 2622
2623, 1774, 1758
1758, 2622, 2623
2622, 1833, 1777
2622, 1777, 2623
2622, 1832, 1833
1777, 1774, 2623
1833, 1801, 1777
1777, 1801, 1776
1801, 1775, 1776
2583, 1756, 1755
2624, 2583, 1741
2583, 2624, 2584
1741, 2583, 1755
1741, 1738, 2624
1738, 1741, 1739
2625, 2542, 2543
2626, 2542, 2625
2627, 2626, 2625
2541, 2542, 2626
2627, 2628, 2626
2626, 2628, 2629
2629, 2541, 2626
2541, 2629, 2630
2541, 2630, 2540
2629, 2631, 2630
2629, 2628, 2632
2631, 2629, 2632
2628, 2633, 2634
2632, 2628, 2634
2634, 2635, 2632
2631, 2632, 2635
2631, 2538, 2630
2538, 2631, 2636
2636, 2631, 2635
2630, 2538, 2540
2540, 2538, 2539
2537, 2538, 2636
2637, 2537, 2636
2638, 2636, 2639
2637, 2636, 2638
2639, 2636, 2635
2639, 2635, 2634
2640, 2639, 2634
2634, 2633, 2640
2641, 2642, 2633
2633, 2642, 2640
2638, 2640, 2642
2639, 2640, 2638
2643, 2637, 2638
2638, 2642, 2644
2644, 2643, 2638
2637, 2645, 2537
2646, 2645, 2637
2643, 2646, 2637
2536, 2537, 2647
2537, 2645, 2647
2648, 2649, 2645
2645, 2649, 2647
2646, 2648, 2645
2650, 2648, 2646
2650, 2646, 2643
2651, 2643, 2644
2650, 2643, 2651
2652, 2644, 2653
2652, 2651, 2644
2644, 2642, 2653
2654, 2655, 2642
2656, 2654, 2642
2641, 2656, 2642
2653, 2642, 2655
2657, 2656, 2641
2658, 2654, 2656
2657, 2659, 2656
2656, 2659, 2658
2654, 2660, 2661
2660, 2654, 2658
2662, 2655, 2654
2654, 2661, 2662
2663, 2655, 2662
2655, 2663, 2664
2655, 2664, 2665
2655, 2665, 2653
2653, 2665, 2666
2652, 2653, 2667
2653, 2666, 2667
2668, 2651, 2652
2667, 2668, 2652
2666, 2669, 2667
2667, 2669, 2670
2668, 2667, 2670
2666, 2665, 2671
2671, 2669, 2666
2664, 2672, 2665
2665, 2672, 2671
2664, 2663, 2673
2664, 2674, 2672
2674, 2664, 2675
2664, 2673, 2675
2673, 2663, 2676
2676, 2663, 2662
2661, 2676, 2662
2660, 2677, 2661
2676, 2661, 2678
2661, 2677, 2678
2679, 2676, 2678
2676, 2679, 2680
2680, 2673, 2676
2673, 2680, 2681
2675, 2673, 2681
2674, 2675, 2681
2672, 2674, 2682
2682, 2674, 2683
2674, 2684, 2683
2684, 2674, 2685
2674, 2681, 2685
2672, 2682, 2671
2682, 2686, 2671
2671, 2687, 2669
2686, 2687, 2671
2686, 2682, 2688
2688, 2682, 2683
2684, 2688, 2683
2689, 2684, 2690
2688, 2684, 2689
2691, 2684, 2685
2684, 2691, 2690
2691, 2685, 2692
2685, 2693, 2692
2681, 2693, 2685
2681, 2680, 2694
2694, 2693, 2681
2679, 2695, 2680
2694, 2680, 2696
2680, 2695, 2696
2697, 2695, 2679
2679, 2677, 2697
2677, 2679, 2678
2695, 2697, 2698
2695, 2698, 2699
2695, 2700, 2696
2701, 2695, 2699
2700, 2695, 2701
2702, 2694, 2696
2696, 2700, 2702
2702, 2703, 2694
2694, 2703, 2693
2693, 2703, 2692
2692, 2703, 2704
2704, 2691, 2692
2705, 2691, 2704
2691, 2705, 2690
2690, 2706, 2689
2690, 2705, 2706
2705, 2707, 2708
2705, 2708, 2706
2707, 2705, 2704
2704, 2703, 2709
2709, 2710, 2704
2710, 2711, 2704
2704, 2711, 2707
2709, 2703, 2702
2709, 2702, 2700
2712, 2700, 2713
2712, 2709, 2700
2713, 2700, 2714
2714, 2700, 2701
2699, 2715, 2701
2715, 2714, 2701
2698, 2716, 2699
2716, 2715, 2699
2697, 2717, 2698
2698, 2717, 2716
2718, 2719, 2716
2716, 2719, 2720
2717, 2718, 2716
2715, 2716, 2720
2721, 2714, 2715
2721, 2715, 2720
2714, 2722, 2713
2714, 2721, 2722
2713, 2722, 2723
2724, 2712, 2713
2723, 2724, 2713
2725, 2709, 2712
2724, 2725, 2712
2725, 2710, 2709
2710, 2725, 2726
2710, 2726, 2711
2727, 2728, 2711
2711, 2726, 2729
2728, 2707, 2711
2727, 2711, 2729
2726, 2725, 2730
2725, 2724, 2730
2731, 2728, 2727
2732, 2728, 2731
2732, 2707, 2728
2733, 2732, 2731
2734, 2733, 2731
2708, 2732, 2733
2708, 2707, 2732
2735, 2708, 2733
2733, 2736, 2735
2733, 2734, 2736
2734, 2737, 2738
2736, 2734, 2738
2739, 2740, 2736
2735, 2736, 2740
2739, 2736, 2738
2706, 2708, 2735
2740, 2741, 2735
2735, 2741, 2706
2742, 2741, 2740
2740, 2743, 2742
2740, 2739, 2743
2738, 2744, 2739
2739, 2744, 2743
2737, 2744, 2738
2745, 2744, 2737
558, 2744, 2745
558, 557, 2744
2744, 557, 2746
2743, 2744, 2746
2743, 2746, 2742
560, 2741, 2742
2746, 559, 2742
2742, 559, 560
2741, 2747, 2689
2706, 2741, 2689
560, 2747, 2741
2748, 2747, 560
2748, 560, 562
2747, 2749, 2750
2748, 2749, 2747
2751, 2747, 2750
2689, 2747, 2751
2689, 2751, 2752
2688, 2689, 2752
2753, 2751, 2754
2752, 2751, 2753
2754, 2751, 2750
2749, 578, 2750
2750, 578, 2754
561, 2749, 2748
2749, 561, 578
561, 2748, 562
2754, 578, 2755
2755, 578, 577
2756, 2754, 2757
2753, 2754, 2756
2757, 2754, 2755
2753, 2686, 2752
2686, 2753, 2687
2687, 2753, 2756
2752, 2686, 2688
2756, 2758, 2687
2759, 2758, 2756
2759, 2756, 2757
2760, 2761, 2757
2755, 2760, 2757
2757, 2761, 2759
2755, 577, 2760
577, 580, 2760
580, 577, 579
599, 2762, 2760
2760, 580, 599
2761, 2760, 2762
2761, 2763, 2759
2764, 2763, 2761
2765, 2761, 2766
2766, 2761, 2762
2764, 2761, 2765
2763, 2758, 2759
2763, 2669, 2758
2669, 2687, 2758
2669, 2763, 2670
2668, 2763, 2764
2763, 2668, 2670
2765, 2668, 2764
2651, 2668, 2765
2766, 2651, 2765
2766, 2762, 2767
2768, 2651, 2766
2766, 2769, 2768
2769, 2766, 2767
599, 598, 2762
2762, 598, 2767
598, 2769, 2767
598, 2770, 2769
2770, 2771, 2769
2771, 2768, 2769
2772, 2650, 2768
2771, 2773, 2768
2768, 2650, 2651
2772, 2768, 2774
2768, 2773, 2774
2771, 2770, 2775
2771, 2776, 2773
2775, 2776, 2771
2770, 2777, 2775
2777, 2770, 596
598, 596, 2770
2778, 2776, 2775
2777, 2778, 2775
2778, 2779, 2776
2779, 2780, 2776
2776, 2780, 2773
2780, 2781, 2773
2773, 2781, 2774
2781, 2772, 2774
2650, 2772, 2648
2782, 2772, 2781
2772, 2782, 2648
2780, 2783, 2781
2783, 2782, 2781
2779, 2784, 2780
2783, 2780, 2784
2785, 2786, 2779
2786, 2784, 2779
2785, 2779, 2778
2778, 2777, 619
618, 2778, 619
618, 2785, 2778
619, 2777, 602
597, 602, 2777
2777, 596, 597
600, 602, 597
2786, 2785, 2787
2788, 2785, 618
2785, 2788, 2787
2786, 2789, 2790
2789, 2786, 2787
2784, 2786, 2791
2791, 2786, 2790
2783, 2784, 2792
2792, 2784, 2793
2784, 2791, 2793
2782, 2783, 2794
2783, 2792, 2794
2649, 2782, 2794
2648, 2782, 2649
2794, 2792, 2795
2795, 2649, 2794
2796, 2792, 2793
2795, 2792, 2516
2796, 2516, 2792
2791, 2796, 2793
2791, 2459, 2796
2459, 2791, 2790
2789, 2459, 2790
2445, 2459, 2789
2797, 2789, 2788
2445, 2789, 2797
2788, 2789, 2787
639, 2797, 2788
639, 2788, 640
2788, 618, 640
2797, 639, 2445
639, 641, 2445
2796, 2459, 2460
2460, 2513, 2796
2513, 2516, 2796
2515, 2795, 2516
2795, 2647, 2649
2515, 2647, 2795
2647, 2515, 2536
2536, 2515, 2514
2746, 557, 559
558, 2745, 556
2798, 2723, 2722
2723, 2798, 2799
2798, 2800, 2799
2801, 2800, 2798
2722, 2721, 2798
2721, 2801, 2798
2721, 2802, 2801
2721, 2719, 2802
2719, 2721, 2720
2717, 2803, 2718
2804, 2717, 2697
2805, 2717, 2804
2717, 2805, 2803
2697, 2677, 2804
2677, 2806, 2804
2806, 2805, 2804
2807, 2805, 2806
2806, 2677, 2660
2660, 2659, 2806
2659, 2807, 2806
2659, 2808, 2807
2657, 2808, 2659
2659, 2660, 2658
701, 2416, 702
1486, 1449, 2809
2809, 1449, 1447
1447, 1446, 2809
1448, 1444, 2810
1421, 1444, 1445
1444, 2811, 2812
2810, 1444, 2812
2811, 1444, 1421
2812, 2813, 2810
2814, 2812, 2811
2813, 2812, 2815
2816, 2812, 2814
2815, 2812, 2816
1420, 2811, 1421
2814, 2811, 1420
1422, 1421, 1445
1420, 1384, 2817
2817, 2814, 1420
2817, 2816, 2814
1383, 2816, 2817
2816, 2818, 2819
2816, 1383, 2818
2815, 2816, 2819
2820, 2815, 2819
2821, 2820, 2819
2819, 2818, 2821
2822, 2818, 1366
1383, 1366, 2818
2821, 2818, 2822
2817, 1384, 1383
2822, 1366, 1367
2823, 1165, 1166
2823, 1145, 2824
1166, 1145, 2823
2825, 2823, 2824
1164, 1145, 1166
2824, 1145, 1143
2826, 2825, 2824
2824, 1144, 2826
1143, 1144, 2824
2827, 2826, 1144
2826, 2827, 2828
1106, 2827, 1144
2827, 1106, 2829
2829, 2828, 2827
2830, 2828, 2829
2831, 2830, 2829
2829, 1106, 1105
1105, 2831, 2829
2830, 2831, 2832
2831, 1105, 2832
1105, 1069, 2832
2832, 1069, 1067
2832, 1067, 2833
2833, 1067, 1066
1022, 1006, 2834
2835, 2836, 1022
2834, 2835, 1022
1022, 2836, 1021
1006, 1004, 2837
2834, 1006, 2838
2838, 1006, 2837
2838, 2835, 2834
2839, 2836, 2835
2840, 2835, 2838
2835, 2840, 2839
2841, 2836, 2839
2840, 2842, 2839
2842, 2841, 2839
2843, 2840, 2838
2840, 2844, 2842
2840, 2843, 2844
2837, 2845, 2838
2838, 2845, 2843
2845, 2837, 2846
2837, 1004, 2846
2846, 1004, 2847
2847, 1004, 1003
2846, 2848, 2845
2848, 2846, 2849
2849, 2846, 2847
2848, 2850, 2845
2845, 2850, 2851
2851, 2843, 2845
2843, 2852, 2844
2843, 2851, 2852
2844, 2852, 2853
2854, 2844, 2853
2842, 2844, 2854
2855, 2842, 2856
2842, 2855, 2857
2841, 2842, 2857
2856, 2842, 2854
2853, 2858, 2854
2854, 2858, 2859
2854, 2859, 2856
2860, 2861, 2853
2853, 2862, 2860
2853, 2852, 2862
2861, 2858, 2853
2852, 2851, 2863
2862, 2852, 2864
2852, 2863, 2864
2851, 2865, 2863
2851, 2866, 2865
2866, 2851, 2850
2865, 2867, 2863
2863, 2867, 2864
2867, 2862, 2864
139, 2862, 2868
2862, 2867, 2868
2862, 139, 2869
2862, 2870, 2860
2870, 2862, 2869
2870, 2871, 2860
2871, 2861, 2860
2861, 2871, 2872
2858, 2861, 2872
2858, 2873, 2859
2873, 2858, 2874
2858, 2872, 2874
2871, 2875, 2872
2875, 2876, 2872
2872, 2876, 2874
118, 2877, 2871
2870, 118, 2871
2871, 2877, 2875
118, 2870, 2878
2870, 2869, 2878
139, 120, 2869
2869, 120, 2878
140, 139, 2868
2867, 2879, 2868
2868, 2879, 2880
140, 2868, 2880
2867, 2881, 2879
2881, 2867, 2865
2865, 2866, 2881
2881, 160, 2879
160, 2881, 2882
2881, 2866, 2882
2879, 141, 2880
160, 141, 2879
141, 140, 2880
159, 160, 2882
2866, 2883, 2882
2882, 2883, 159
161, 159, 2883
2884, 2885, 2883
2883, 2866, 2884
2883, 2885, 161
2885, 179, 161
179, 2885, 2886
2887, 2885, 2884
2886, 2885, 2888
2885, 2887, 2888
2884, 2889, 2890
2891, 2889, 2884
2866, 2891, 2884
2887, 2884, 2890
2866, 2850, 2891
2850, 2889, 2891
2850, 2892, 2889
2889, 2893, 2890
2892, 2894, 2889
2889, 2894, 2893
2893, 2887, 2890
2895, 2887, 2896
2887, 2893, 2896
2887, 2895, 2888
2895, 2886, 2888
2886, 2895, 2897
179, 2886, 2898
2886, 2897, 2898
180, 179, 2898
180, 2898, 201
2898, 2897, 2899
2898, 199, 201
199, 2898, 2899
2900, 2901, 2897
2900, 2897, 2895
2897, 2901, 2899
2902, 2895, 2896
2895, 2902, 2900
2893, 2902, 2896
2903, 2893, 2894
2902, 2893, 2904
2893, 2903, 2904
2849, 965, 2894
2892, 2848, 2894
2894, 965, 2903
2894, 2848, 2849
2850, 2848, 2892
1003, 965, 2849
2849, 2847, 1003
2903, 965, 964
2903, 963, 2904
2903, 964, 963
963, 2902, 2904
962, 2902, 963
2902, 942, 2900
942, 2902, 962
941, 2901, 2900
942, 941, 2900
940, 2905, 2901
2901, 941, 940
2901, 2905, 2906
2901, 199, 2899
199, 2901, 2906
199, 2907, 200
2907, 199, 2906
2905, 2907, 2906
2908, 2907, 2905
940, 923, 2905
923, 2908, 2905
2909, 2907, 2908
202, 2907, 2909
2907, 202, 200
922, 2909, 2908
923, 922, 2908
922, 921, 2909
2910, 202, 2909
2909, 921, 2910
220, 202, 2910
2911, 220, 2910
921, 2911, 2910
2911, 921, 898
921, 897, 898
2912, 2911, 2913
2911, 2912, 220
898, 2913, 2911
220, 2912, 219
2912, 2913, 218
2912, 218, 219
898, 824, 2913
824, 2914, 2913
218, 2913, 236
236, 2913, 2914
878, 824, 898
824, 878, 2915
825, 2914, 824
2915, 823, 824
2914, 235, 236
235, 2914, 2916
2914, 825, 2916
825, 822, 2916
822, 235, 2916
235, 822, 237
822, 821, 237
237, 821, 239
821, 238, 239
821, 2917, 238
2917, 821, 820
238, 2917, 257
2918, 2917, 802
802, 2917, 820
257, 2917, 2918
2918, 256, 257
2918, 802, 800
2918, 800, 2919
256, 2918, 2919
258, 256, 2920
256, 2919, 2920
2919, 767, 2920
2919, 800, 767
2921, 258, 2920
2921, 2920, 765
765, 2920, 767
258, 2921, 280
765, 746, 2921
2921, 279, 280
279, 2921, 746
767, 766, 765
746, 765, 764
858, 823, 2915
878, 858, 2915
858, 878, 876
2878, 120, 119
118, 2878, 119
118, 100, 2877
2877, 100, 2922
2922, 100, 99
2922, 2923, 2877
2877, 2923, 2875
99, 78, 2922
2922, 62, 2923
62, 2922, 78
2923, 2876, 2875
2923, 62, 2924
2876, 2923, 2924
2924, 62, 2925
2925, 62, 64
2925, 2926, 2924
2924, 2926, 2876
2876, 2873, 2874
2873, 2876, 2926
2873, 2926, 2927
2925, 2927, 2926
2928, 2929, 2925
2925, 2929, 2927
2928, 2925, 2930
2925, 64, 2930
64, 59, 2930
2930, 60, 2928
2930, 59, 61
60, 2930, 61
2927, 2929, 2931
2873, 2927, 2931
2931, 2859, 2873
2931, 2932, 2933
2859, 2931, 2933
2931, 2929, 2934
2932, 2931, 2934
2859, 2935, 2856
2935, 2859, 2933
2932, 2935, 2933
2935, 2932, 2936
2935, 2937, 2855
2935, 2855, 2856
2937, 2935, 2936
2857, 2855, 2937
326, 324, 693
2938, 326, 693
2938, 325, 326
2938, 693, 672
672, 629, 2938
2939, 325, 2938
2939, 2938, 2940
628, 2938, 629
2940, 2938, 628
325, 2939, 2941
325, 2941, 343
2941, 2939, 2940
2942, 2940, 2943
2941, 2940, 2942
2940, 628, 2943
628, 626, 2943
2943, 627, 2942
626, 627, 2943
2942, 627, 2944
2944, 2941, 2942
343, 2941, 345
345, 2941, 2944
2944, 627, 2945
345, 2944, 2946
2944, 2945, 2947
2946, 2944, 2947
608, 2948, 627
2945, 627, 2948
2945, 2949, 2950
2948, 2949, 2945
2945, 2950, 2947
2947, 2951, 2946
2950, 2951, 2947
2946, 2951, 2952
345, 2946, 2952
344, 345, 2952
2952, 2951, 2953
2952, 346, 344
346, 2952, 2953
2951, 2954, 2953
2951, 2955, 2956
2954, 2951, 2956
2955, 2951, 2950
2949, 2955, 2950
2948, 568, 2949
568, 571, 2949
2949, 571, 2955
568, 2948, 569
569, 2948, 609
2948, 608, 609
505, 2955, 571
2955, 505, 2956
2954, 2956, 349
349, 2956, 505
346, 2954, 347
349, 347, 2954
2954, 346, 2953
506, 505, 570
505, 571, 570
